Ticker,Return,Volatility,Asset Class_2,Asset Class_1,Name,feature
665531AD1 corp,0.00341069,0.014818787,Bond_HY,Bond,Northern Oil And Gas Inc Bond,
362337AK3 corp,0.001021831,0.006682499,Bond_HY,Bond,Frontier North Inc Bond,
EI8410553 corp,-0.001228548,0.053769017,Bond_HY,Bond,Republic Of Venezuela Sovereigns  Bond,
EJ5305440 corp,0.002022557,0.011899758,Bond_HY,Bond,Enquest Plc Bond,
440543AL0 corp,0.001350159,0.008077987,Bond_HY,Bond,Hornbeck Offshore Serv Bond,
440543AQ9 corp,0.001914844,0.009736013,Bond_HY,Bond,Hornbeck Offshore Serv Bond,
65504LAL1 corp,0.00117147,0.014694018,Bond_HY,Bond,Noble Holding Intl Ltd Bond,
EK8119092 corp,0.001496082,0.012372007,Bond_HY,Bond,Obrascon Huarte Lain Sa Bond,
206519AB6 corp,-0.003690288,0.053132564,Bond_HY,Bond,Concordia International Bond,
65504LAN7 corp,0.001192325,0.010828566,Bond_HY,Bond,Noble Holding Intl Ltd Bond,
EH9901297 corp,-0.002696553,0.052577367,Bond_HY,Bond,Republic Of Venezuela Sovereigns  Bond,
EI3251630 corp,0.001723431,0.0091762,Bond_HY,Bond,Csn Resources Sa Bond,
EJ5255041 corp,0.002418378,0.003769587,Bond_HY,Bond,Longfor Properties Bond,
EI3500440 corp,-0.001809751,0.059426771,Bond_HY,Bond,Republic Of Venezuela Sovereigns  Bond,
ED8955574 corp,-0.00136629,0.042528981,Bond_HY,Bond,Republic Of Venezuela Sovereigns  Bond,
EF1877168 corp,-0.002386901,0.041224624,Bond_HY,Bond,Republic Of Venezuela Sovereigns  Bond,
EH9901214 corp,-0.001460734,0.041291166,Bond_HY,Bond,Republic Of Venezuela Sovereigns  Bond,
EI7507573 corp,-0.001194337,0.058025085,Bond_HY,Bond,Republic Of Venezuela Sovereigns  Bond,
EK1108464 corp,0.001426424,0.011731384,Bond_HY,Bond,Obrascon Huarte Lain Sa Bond,
EH3344783 corp,-0.001548506,0.042602908,Bond_HY,Bond,Republic Of Venezuela Sovereigns  Bond,
EJ1274236 corp,0.002724553,0.0995428,Bond_HY,Bond,Bank Otkritie (Ofcb Cap) Bond,
EJ1968233 corp,-0.000935661,0.046318233,Bond_HY,Bond,Petroleos De Venezuela S Bond,
EH9753391 corp,0.001432793,0.007543956,Bond_HY,Bond,Csn Islands Xi Corp Bond,
EK3326676 corp,-0.003961033,0.049302053,Bond_HY,Bond,Bibby Offshore Services Bond,
06846NAD6 corp,0.001117328,0.007340964,Bond_HY,Bond,Bill Barrett Corp Bond,
EI5787318 corp,-0.00192736,0.054641971,Bond_HY,Bond,Petroleos De Venezuela S Bond,
665531AB5 corp,0.002503018,0.014161816,Bond_HY,Bond,Northern Oil And Gas Inc Bond,
29977HAB6 corp,0.001838128,0.015400559,Bond_HY,Bond,Ep Ener/Everest Acq Fin Bond,
EK9644809 corp,-0.005916366,0.064371019,Bond_HY,Bond,New Look Senior Issuer Bond,
570254AA0 corp,0.001575456,0.012654945,Bond_HY,Bond,Neiman Marcus Group Ltd Bond,
65504LAF4 corp,0.001172105,0.00712639,Bond_HY,Bond,Noble Holding Intl Ltd Bond,
922646AS3 corp,-0.001737602,0.046499397,Bond_HY,Bond,Republic Of Venezuela Sovereigns  Bond,
65504RAD6 corp,0.001556806,0.022292619,Bond_HY,Bond,Noble Group Ltd Bond,
93317WAC6 corp,0.00112008,0.032915432,Bond_HY,Bond,Ditech Holding Corp Bond,
26926XAB9 corp,0.001787408,0.017089101,Bond_HY,Bond,Ev Energy Partners/Finan Bond,
EI8799468 corp,-0.001064553,0.053144324,Bond_HY,Bond,Petroleos De Venezuela S Bond,
922646BL7 corp,-0.001118886,0.048352211,Bond_HY,Bond,Republic Of Venezuela Sovereigns  Bond,
499040AL7 corp,0.002306191,0.009489426,Bond_HY,Bond,Mcclatchy Co Bond,
65504LAP2 corp,0.001267531,0.009715451,Bond_HY,Bond,Noble Holding Intl Ltd Bond,
EH3345228 corp,-0.001409098,0.04362957,Bond_HY,Bond,Republic Of Venezuela Sovereigns  Bond,
110394AE3 corp,0.002385164,0.011806177,Bond_HY,Bond,Bristow Group Inc Bond,
65440KAB2 corp,0.001109823,0.010252307,Bond_HY,Bond,99 Cents Only Stores Llc Bond,
74308TAB6 corp,0.00166113,0.006411019,Bond_HY,Bond,Production Res Group Bond,
466112AF6 corp,0.01524298,0.2452046,Bond_HY,Bond,Jbs Usa Lux/Jbs Usa Fin Bond,
ED2379482 corp,-0.002776786,0.053610779,Bond_HY,Bond,Republic Of Venezuela Sovereigns  Bond,
35906AAM0 corp,-0.001516523,0.012105328,Bond_HY,Bond,Frontier Communications Bond,
LW1540126 corp,-9.50E-05,0.002692957,Bond_HY,Bond,Hanesbrands Finance Lux Bond,
EI0319000 corp,-0.000201406,0.002709366,Bond_HY,Bond,Croatia Sovereigns  Bond,
78390XAA9 corp,-0.000302162,0.002982684,Bond_HY,Bond,Leidos Holdings Inc Bond,
78454LAD2 corp,0.000402354,0.004977821,Bond_HY,Bond,Sm Energy Co Bond,
QZ4836347 corp,-8.34E-05,0.002649737,Bond_HY,Bond,Crown Euro Holdings Sa Bond,
62947QAW8 corp,-0.000306595,0.003262056,Bond_HY,Bond,Nxp Bv/Nxp Funding Llc Bond,
EK7020846 corp,-0.000326249,0.007128214,Bond_HY,Bond,Lebanese Republic Sovereigns  Bond,
02005NAW0 corp,-0.000137457,0.001708924,Bond_HY,Bond,Ally Financial Inc Bond,
701081AY7 corp,0.000573486,0.006351696,Bond_HY,Bond,Parker Drilling Co Bond,
131347CF1 corp,6.25E-05,0.004801065,Bond_HY,Bond,Calpine Corp Bond,
AF1147525 corp,0.000109047,0.001165953,Bond_HY,Bond,Arcelormittal Bond,
698525AA0 corp,9.30E-05,0.004871746,Bond_HY,Bond,Panoche Energy Center Bond,
900123BD1 corp,-0.000214858,0.002803861,Bond_HY,Bond,Republic Of Turkey Sovereigns  Bond,
EK6306592 corp,-0.000165666,0.003551047,Bond_HY,Bond,Telefonica Europe Bv Bond,
097751BJ9 corp,-0.000172056,0.007616975,Bond_HY,Bond,Bombardier Inc Bond,
EI4239113 corp,-0.000115495,0.00252728,Bond_HY,Bond,Gold Fields Orogen Hold Bond,
030981AJ3 corp,-0.00025079,0.003877877,Bond_HY,Bond,Amerigas Part/Fin Corp Bond,
62913TAC6 corp,0.000251071,0.004202082,Bond_HY,Bond,Ngl Enrgy Part Lp/Fin Co Bond,
030981AH7 corp,-0.00035352,0.003558363,Bond_HY,Bond,Amerigas Part/Fin Corp Bond,
26439XAH6 corp,0.000289141,0.007027131,Bond_HY,Bond,Dcp Midstream Operating Bond,
EK7990790 corp,0.000432325,0.006772267,Bond_HY,Bond,Valeant Pharmaceuticals Bond,
783764AR4 corp,-0.000221769,0.002571358,Bond_HY,Bond,Calatlantic Group Inc Bond,
900123BY5 corp,-0.000234992,0.002865745,Bond_HY,Bond,Republic Of Turkey Sovereigns  Bond,
92933BAH7 corp,-0.000103386,0.003186602,Bond_HY,Bond,Wmg Acquisition Corp Bond,
QZ7451151 corp,-0.000214468,0.004776602,Bond_HY,Bond,Ultrapar Internationl Sa Bond,
EI0617007 corp,0.000262661,0.000472252,Bond_HY,Bond,Unicredit Intl Bank Bond,
97381WAZ7 corp,-0.002078751,0.015389302,Bond_HY,Bond,Windstream Srvc / Fin Bond,
79970YAD7 corp,-0.000293924,0.012151704,Bond_HY,Bond,Sanchez Energy Corp Bond,
836205AM6 corp,-0.00026288,0.002743541,Bond_HY,Bond,Republic Of South Africa Sovereigns  Bond,
EK8559446 corp,-1.73E-05,0.002442792,Bond_HY,Bond,Matthorn Tel Hld Bond,
382550AD3 corp,-0.000151799,0.003504988,Bond_HY,Bond,Goodyear Tire & Rubber Bond,
847788AT3 corp,-0.000220402,0.00365838,Bond_HY,Bond,Speedway Motorsports Inc Bond,
EJ6098572 corp,-0.000230022,0.002635139,Bond_HY,Bond,Arcelik As Bond,
EK7260798 corp,-0.000156639,0.002355545,Bond_HY,Bond,Teollisuuden Voima Oyj Bond,
EK4044732 corp,-0.000176983,0.003760532,Bond_HY,Bond,Republic Of Senegal Sovereigns  Bond,
404121AG0 corp,-0.00037001,0.003620508,Bond_HY,Bond,Hca Inc Bond,
74978QAB1 corp,2.01E-06,0.00337974,Bond_HY,Bond,Rsp Permian Inc Bond,
EK4869377 corp,-0.000413066,0.006506659,Bond_HY,Bond,Kingdom Of Bahrain Sovereigns  Bond,
LW3620546 corp,-9.29E-05,0.002105021,Bond_HY,Bond,Tereos Finance Groupe I Bond,
EK0844010 corp,-0.000213875,0.002550843,Bond_HY,Bond,Thyssenkrupp Ag Bond,
013817AK7 corp,2.02E-05,0.005971903,Bond_HY,Bond,Arconic Inc Bond,
QZ9124939 corp,-6.00E-05,0.001887462,Bond_HY,Bond,Tui Ag Bond,
852061AR1 corp,-0.000419164,0.004331003,Bond_HY,Bond,Sprint Communications Bond,
EK6012737 corp,-0.000340387,0.002940352,Bond_HY,Bond,Ziggo Bond Co Bond,
128195AH7 corp,-0.000227909,0.002713544,Bond_HY,Bond,Calatlantic Group Inc Bond,
87264AAM7 corp,-0.000127897,0.002947292,Bond_HY,Bond,T-Mobile Usa Inc Bond,
156686AM9 corp,-0.000605419,0.007990263,Bond_HY,Bond,Centurylink Inc Bond,
71645WAN1 corp,-0.000142342,0.003349803,Bond_HY,Bond,Petrobras Global Finance Bond,
377316AM6 corp,-3.64E-06,0.002586161,Bond_HY,Bond,P.H. Glatfelter Co Bond,
233293AN9 corp,2.26E-06,0.002995536,Bond_HY,Bond,Dpl Inc Bond,
EK2704956 corp,0.000122048,0.000354912,Bond_HY,Bond,Bankia Sa Bond,
144285AK9 corp,-0.000171547,0.002794319,Bond_HY,Bond,Carpenter Technology Bond,
402635AE6 corp,0.000175392,0.00410344,Bond_HY,Bond,Gulfport Energy Corp Bond,
315292AM4 corp,-0.000188712,0.004658273,Bond_HY,Bond,Ferrellgas Lp/Ferrellgas Bond,
88947EAQ3 corp,-0.000233173,0.002967909,Bond_HY,Bond,Toll Bros Finance Corp Bond,Median_Bond
EK0412776 corp,-0.000253483,0.003533015,Bond_HY,Bond,Banco Bpm Spa Bond,
EK2382027 corp,0.00059907,0.003295298,Bond_HY,Bond,Unipolsai Assicurazioni Bond,
552848AF0 corp,-0.000312148,0.003635322,Bond_HY,Bond,Mgic Investment Corp Bond,
007903AZ0 corp,-0.000272725,0.003231292,Bond_HY,Bond,Advanced Micro Devices Bond,
745867AW1 corp,-0.00057853,0.003440858,Bond_HY,Bond,Pultegroup Inc Bond,
EI6469999 corp,-0.000168489,0.003069866,Bond_HY,Bond,Turkiye Garanti Bankasi Bond,
00130HBS3 corp,-5.99E-06,0.004525338,Bond_HY,Bond,Aes Corp/Va Bond,
EJ9515473 corp,-9.77E-05,0.002932456,Bond_HY,Bond,Gazprom Neft (Gpn Capita Bond,
78442FEJ3 corp,-0.000284143,0.003680271,Bond_HY,Bond,Navient Corp Bond,
85207UAJ4 corp,-0.001034972,0.007579739,Bond_HY,Bond,Sprint Corp Bond,
EJ4402123 corp,-0.000115873,0.002932231,Bond_HY,Bond,Cielo Sa/Cielo Usa Inc Bond,
25271CAL6 corp,0.000372632,0.006059909,Bond_HY,Bond,Diamond Offshore Drill Bond,
852060AD4 corp,-0.001185904,0.008298876,Bond_HY,Bond,Sprint Capital Corp Bond,
LW0230539 corp,-4.86E-05,0.001684609,Bond_HY,Bond,Rexel Sa Bond,
78467JAC4 corp,-4.05E-05,0.003086223,Bond_HY,Bond,Ss&C Tech Holdings Inc Bond,
45824TAP0 corp,-2.69E-05,0.008905835,Bond_HY,Bond,Intelsat Jackson Hldg Bond,
962178AN9 corp,-0.000254294,0.003064814,Bond_HY,Bond,Tri Pointe Group / Homes Bond,
67059TAD7 corp,-0.000276343,0.003393319,Bond_HY,Bond,Nustar Logistics Lp Bond,
65251FAB1 corp,-0.000105206,0.010062007,Bond_HY,Bond,Newstar Financial Inc Bond,
EJ5373828 corp,-0.000253922,0.00320613,Bond_HY,Bond,Hornbach Baumarkt Ag Bond,
EJ0400550 corp,-0.000244931,0.002830781,Bond_HY,Bond,Metro Ag Bond,
JV6536322 corp,-0.000170226,0.001736954,Bond_HY,Bond,Danga Capital Bhd Government Agencies  Bond,
20854PAL3 corp,3.91E-05,0.003558466,Bond_HY,Bond,Cnx Resources Corp Bond,
EK7814503 corp,0.000311767,0.003704009,Bond_HY,Bond,Unitymedia Gmbh Bond,
46556MAH5 corp,-0.000211275,0.004294516,Bond_HY,Bond,Itau Unibanco Hldg Sa/Ky Bond,
UV3134045 corp,-3.48E-05,0.001088518,Bond_HY,Bond,Cellnex Telecom Sa Bond,
14282LAC7 corp,-0.000110262,0.010884499,Bond_HY,Bond,Carlson Travel Inc Bond,
92343EAF9 corp,-0.000260295,0.002537326,Bond_HY,Bond,Verisign Inc Bond,
EJ5675560 corp,-5.12E-05,0.00290107,Bond_HY,Bond,Nemak Sab De Cv Bond,
EJ4548149 corp,-0.000146348,0.001971718,Bond_HY,Bond,Bilfinger Se Bond,
058498AR7 corp,-0.000312292,0.002338117,Bond_HY,Bond,Ball Corp Bond,
629568AT3 corp,-0.000171285,0.003989618,Bond_HY,Bond,Nabors Industries Inc Bond,
QZ9685426 corp,4.13E-05,0.004428059,Bond_HY,Bond,Credit Bank Of Moscow (C Bond,
404119BS7 corp,-0.000368611,0.004572169,Bond_HY,Bond,Hca Inc Bond,
670001AC0 corp,-0.000293515,0.004798827,Bond_HY,Bond,Novelis Corp Bond,
36740PAA1 corp,-5.29E-05,0.003454318,Bond_HY,Bond,Gates Global Llc Bond,
EK7373351 corp,-0.000298142,0.003409845,Bond_HY,Bond,Turkiye Halk Bankasi As Bond,
879369AD8 corp,-0.000148814,0.003259122,Bond_HY,Bond,Teleflex Inc Bond,
EK1693663 corp,-0.000147708,0.002327317,Bond_HY,Bond,Republic Of Sri Lanka Sovereigns  Bond,
QZ6801323 corp,-0.000183014,0.003933043,Bond_HY,Bond,Cabot Financial Luxembou Bond,
EK0129214 corp,-0.00015994,0.002595534,Bond_HY,Bond,Republic Of Sri Lanka Sovereigns  Bond,
71647NAA7 corp,-0.000299024,0.010222491,Bond_HY,Bond,Petrobras Global Finance Bond,
EK8758220 corp,-7.41E-05,0.001765707,Bond_HY,Bond,Ineos Finance Plc Bond,
EK5083739 corp,0.000898872,0.006752355,Bond_HY,Bond,Vallourec Sa Bond,
EJ5384833 corp,4.59E-05,0.003787876,Bond_HY,Bond,Gazprom (Gaz Capital Sa) Bond,
87264AAH8 corp,9.78E-05,0.003615775,Bond_HY,Bond,T-Mobile Usa Inc Bond,
364725BA8 corp,-0.000108413,0.002781815,Bond_HY,Bond,Tegna Inc Bond,
87612BAM4 corp,-0.000111229,0.003326731,Bond_HY,Bond,Targa Resources Partners Bond,
82967NAW8 corp,-0.000313875,0.003987106,Bond_HY,Bond,Sirius Xm Radio Inc Bond,
EJ9176375 corp,5.83E-05,0.000477867,Bond_HY,Bond,Solvay Finance Bond,
552953BX8 corp,-0.000383557,0.003406189,Bond_HY,Bond,Mgm Resorts Intl Bond,
688225AG6 corp,-6.39E-05,0.00271312,Bond_HY,Bond,Oshkosh Corp Bond,
169905AD8 corp,-0.000259184,0.002774474,Bond_HY,Bond,Choice Hotels Intl Inc Bond,
69073TAR4 corp,-0.000446267,0.003482168,Bond_HY,Bond,Owens-Brockway Bond,
1248EPAZ6 corp,-0.000185807,0.003534116,Bond_HY,Bond,Cco Hldgs Llc/Cap Corp Bond,
EI4194680 corp,-0.000248961,0.002780956,Bond_HY,Bond,Republic Of Sri Lanka Sovereigns  Bond,
EJ3734112 corp,-0.000118179,0.003550748,Bond_HY,Bond,Grupo Aval Ltd Bond,
EJ5489145 corp,-0.000105633,0.002336233,Bond_HY,Bond,Veon Holdings Bv Bond,
EJ6116887 corp,-0.000310304,0.002475433,Bond_HY,Bond,Croatia Sovereigns  Bond,
37247DAN6 corp,-2.04E-05,0.004939677,Bond_HY,Bond,Genworth Holdings Inc Bond,
780099CH8 corp,-0.000274263,0.003130627,Bond_HY,Bond,Royal Bk Scotlnd Grp Plc Bond,
421924BK6 corp,-0.000142216,0.003509812,Bond_HY,Bond,Encompass Health Corp Bond,
EJ5248483 corp,-0.000126789,0.003392377,Bond_HY,Bond,Dubai Govt Int'L Bonds Sovereigns  Bond,
527298AY9 corp,-6.78E-05,0.002872685,Bond_HY,Bond,Level 3 Financing Inc Bond,
912920AM7 corp,-0.000337416,0.007059101,Bond_HY,Bond,Qwest Corp Bond,
294829AA4 corp,-0.000185435,0.003898675,Bond_HY,Bond,Ericsson Lm Bond,
031652BE9 corp,-9.05E-05,0.003516098,Bond_HY,Bond,Amkor Technology Inc Bond,
87927YAA0 corp,-0.000424394,0.003674132,Bond_HY,Bond,Telecom Italia Spa Bond,
EJ2533150 corp,-0.000132824,0.002263476,Bond_HY,Bond,Sberbank (Sb Cap Sa) Bond,
EK5232971 corp,-8.52E-05,0.003895212,Bond_HY,Bond,Wienerberger Ag Bond,
EK0950098 corp,-9.58E-05,0.002201148,Bond_HY,Bond,Gazprombk (Gpb Finance) Bond,
18683KAC5 corp,0.000149168,0.007727905,Bond_HY,Bond,Cleveland-Cliffs Inc Bond,
747301AC3 corp,0.000144766,0.003576061,Bond_HY,Bond,Quad Graphics Inc Bond,
EJ6002533 corp,3.31E-06,0.001698859,Bond_HY,Bond,Idbi Bank Ltd/Difc Dubai Bond,
022249AU0 corp,-2.61E-05,0.00391697,Bond_HY,Bond,Arconic Inc Bond,
37185LAG7 corp,6.72E-05,0.003498981,Bond_HY,Bond,Genesis Energy Lp/Genesi Bond,
131477AQ4 corp,0.000378178,0.004996034,Bond_HY,Bond,Calumet Specialty Prod Bond,
LW3161178 corp,-0.000146549,0.002420012,Bond_HY,Bond,Hazine Mustesarligi Varl Sovereigns  Bond,
007903AX5 corp,-0.000175496,0.003586756,Bond_HY,Bond,Advanced Micro Devices Bond,
04570XAB5 corp,0.000171267,0.002907824,Bond_HY,Bond,Assoc Mat Llc/Amh New Fi Bond,
EJ5938042 corp,0.000244883,0.000576932,Bond_HY,Bond,Gazprom (Gaz Capital Sa) Bond,
513075BH3 corp,-0.00014396,0.003601731,Bond_HY,Bond,Lamar Media Corp Bond,
165167CF2 corp,0.00022866,0.00346664,Bond_HY,Bond,Chesapeake Energy Corp Bond,
TT3432693 corp,-0.000350756,0.003570622,Bond_HY,Bond,Russian Federation Sovereigns  Bond,
EK1440628 corp,7.13E-05,0.000411987,Bond_HY,Bond,Banca Monte Dei Paschi S Bond,
36159RAG8 corp,-3.29E-05,0.00345646,Bond_HY,Bond,Geo Group Inc/The Bond,
EI0119301 corp,-0.000531529,0.006027793,Bond_HY,Bond,Credit Agricole Sa Bond,
880394AE1 corp,2.68E-05,0.006284109,Bond_HY,Bond,Pactiv Llc Bond,
QZ7288025 corp,-0.000165998,0.003290592,Bond_HY,Bond,Schoeller Allibert Group Bond,
75508EAA6 corp,5.42E-05,0.003569395,Bond_HY,Bond,Rayonier Am Prod Inc Bond,
780099CE5 corp,-0.000297558,0.002938482,Bond_HY,Bond,Royal Bk Scotlnd Grp Plc Bond,
EI4295404 corp,-0.000203024,0.003005154,Bond_HY,Bond,Vtb Bank (Vtb Capital Sa Bond,
EJ5228063 corp,-0.000310479,0.003559787,Bond_HY,Bond,Casino Guichard Perracho Bond,
013817AJ0 corp,-0.000204784,0.004436491,Bond_HY,Bond,Arconic Inc Bond,
893830AZ2 corp,0.000622818,0.007717769,Bond_HY,Bond,Transocean Inc Bond,
156700AT3 corp,-0.000291897,0.00917174,Bond_HY,Bond,Centurylink Inc Bond,
268648AN2 corp,-0.000388548,0.00324123,Bond_HY,Bond,Emc Corp Bond,
60937GAD8 corp,6.91E-06,0.00416552,Bond_HY,Bond,Mongolia Intl Bond Sovereigns  Bond,
ED8407691 corp,0.000435337,0.00119666,Bond_HY,Bond,Barclays Bank Plc Bond,
EK3332070 corp,-2.67E-05,0.002945263,Bond_HY,Bond,Selecta Group Bv Bond,
47010DAA8 corp,-0.000389343,0.004434689,Bond_HY,Bond,Jaguar Hl / Ppdi Bond,
69318UAB1 corp,4.29E-05,0.003514891,Bond_HY,Bond,Pbf Logistics Lp/Finance Bond,
EK6934476 corp,-0.000235823,0.002891365,Bond_HY,Bond,Telecom Italia Spa Bond,
364725BB6 corp,-0.000109626,0.00272744,Bond_HY,Bond,Tegna Inc Bond,
552676AR9 corp,-0.000296165,0.003244123,Bond_HY,Bond,Mdc Holdings Inc Bond,
EK0844978 corp,-9.10E-05,0.002930362,Bond_HY,Bond,Gazprom (Gaz Capital Sa) Bond,
EK5599809 corp,-2.72E-05,0.001188131,Bond_HY,Bond,Metro Ag Bond,
60855RAG5 corp,-0.000439645,0.00381094,Bond_HY,Bond,Molina Healthcare Inc Bond,
EJ1322225 corp,-0.000132556,0.002646627,Bond_HY,Bond,Export Credit Bank Of Tu Government Development Banks  Bond,
256746AB4 corp,-0.00012154,0.002675658,Bond_HY,Bond,Dollar Tree Inc Bond,
165167CG0 corp,0.000424625,0.003844868,Bond_HY,Bond,Chesapeake Energy Corp Bond,
EK1203901 corp,-0.000280064,0.003620427,Bond_HY,Bond,Republic Of Azerbaijan Sovereigns  Bond,
89253YAA0 corp,1.97E-05,0.004072588,Bond_HY,Bond,Trad & Dev Bank Mongolia Bond,
737446AG9 corp,0.000470131,0.001955539,Bond_HY,Bond,Post Holdings Inc Bond,
526057BU7 corp,-0.000185837,0.002323639,Bond_HY,Bond,Lennar Corp Bond,
878742AS4 corp,2.44E-05,0.005680552,Bond_HY,Bond,Teck Resources Limited Bond,
36186CBY8 corp,-0.000308072,0.004892193,Bond_HY,Bond,Ally Financial Inc Bond,
45672NAG6 corp,-5.66E-05,0.00409603,Bond_HY,Bond,Infor Us Inc Bond,
00130HBW4 corp,3.47E-05,0.003964878,Bond_HY,Bond,Aes Corp/Va Bond,
35906AAL2 corp,9.34E-05,0.011393913,Bond_HY,Bond,Frontier Communications Bond,
02005NBA7 corp,-0.000310595,0.002816077,Bond_HY,Bond,Ally Financial Inc Bond,
745867AV3 corp,-0.000239777,0.002059381,Bond_HY,Bond,Pultegroup Inc Bond,
EJ6431815 corp,-0.002845751,0.039178759,Bond_HY,Bond,Odebrecht Finance Ltd Bond,
962178AL3 corp,-0.000149598,0.002593541,Bond_HY,Bond,Tri Pointe Group / Homes Bond,
750236AT8 corp,-0.000240445,0.002119685,Bond_HY,Bond,Radian Group Inc Bond,
900123BJ8 corp,-0.000898596,0.005397413,Bond_HY,Bond,Republic Of Turkey Sovereigns  Bond,
LW2406756 corp,-6.99E-05,0.003937098,Bond_HY,Bond,Unicredit Spa Bond,
156700AM8 corp,-0.000295067,0.009877937,Bond_HY,Bond,Centurylink Inc Bond,
EJ5272244 corp,-0.000138607,0.00174114,Bond_HY,Bond,Smurfit Kappa Acquisitio Bond,
QJ1135087 corp,6.04E-05,0.003832349,Bond_HY,Bond,Ukraine Government Sovereigns  Bond,
EK3803609 corp,7.07E-05,0.001751003,Bond_HY,Bond,Fiat Chrysler Finance Eu Bond,
30227LAA5 corp,0.000253749,0.005002017,Bond_HY,Bond,Extraction Oil&Gas Inc/ Bond,
EI3508005 corp,-0.000163786,0.003545117,Bond_HY,Bond,Banco Bradesco (Cayman) Bond,
87264AAL9 corp,-0.000151025,0.002856311,Bond_HY,Bond,T-Mobile Usa Inc Bond,
UV3225843 corp,0.000102678,0.000469607,Bond_HY,Bond,Banco Bpm Spa Bond,
JV9193238 corp,-0.000198266,0.00289275,Bond_HY,Bond,Export Credit Bank Of Tu Government Development Banks  Bond,
EK2695774 corp,0.000131817,8.25E-05,Bond_HY,Bond,Kazagro Natl Mgmt Hldg Government Agencies  Bond,
QJ1137778 corp,7.46E-05,0.004366247,Bond_HY,Bond,Ukraine Government Sovereigns  Bond,
QJ9378531 corp,0.000186014,0.000825371,Bond_HY,Bond,Solvay Finance Bond,
912920AC9 corp,-0.000268847,0.007169549,Bond_HY,Bond,Qwest Corp Bond,
QZ8096401 corp,-0.000232211,0.002776489,Bond_HY,Bond,Third Pkstan Intl Sukuk Sovereigns  Bond,
538034AK5 corp,-0.000259243,0.003278401,Bond_HY,Bond,Live Nation Entertainmen Bond,
868536AV5 corp,0.000147523,0.005162958,Bond_HY,Bond,Supervalu Inc Bond,
690732AD4 corp,-0.000246667,0.002476178,Bond_HY,Bond,Owens & Minor Inc Bond,
59001AAN2 corp,-0.000227045,0.003037416,Bond_HY,Bond,Meritage Homes Corp Bond,
55354GAD2 corp,-0.000363256,0.004078839,Bond_HY,Bond,Msci Inc Bond,
87612BBE1 corp,-0.000217948,0.004130705,Bond_HY,Bond,Targa Resources Partners Bond,
EK9599516 corp,-0.000116977,0.00322142,Bond_HY,Bond,Latam Airlines Group Sa Bond,
431475AA0 corp,-0.000108846,0.003476965,Bond_HY,Bond,Hill-Rom Holdings Inc Bond,
683715AB2 corp,-0.000389915,0.003598713,Bond_HY,Bond,Open Text Corp Bond,
36467WAA7 corp,-6.83E-05,0.002728499,Bond_HY,Bond,Gamestop Corp Bond,
74733VAC4 corp,0.000213082,0.00403932,Bond_HY,Bond,Qep Resources Inc Bond,
EK0138348 corp,0.000123707,0.005678155,Bond_HY,Bond,Petrobras Global Finance Bond,
QZ6248533 corp,0.000149533,0.003097341,Bond_HY,Bond,Avis Budget Finance Plc Bond,
855030AM4 corp,0.003714741,0.022930332,Bond_IG,Bond,Staples Inc Bond,
72447WAA7 corp,0.001067674,0.001860663,Bond_IG,Bond,Pitney Bowes Inc Bond,
EK8067085 corp,0.001636241,0.022028034,Bond_IG,Bond,Jpmorgan Chase & Co Bond,
EI5288622 corp,0.003019103,0.037834816,Bond_IG,Bond,Ing Bank Nv Bond,
MM1259983 corp,0.001428208,0.008278666,Bond_IG,Bond,Cooperatieve Rabobank Ua Bond,
EH1535705 corp,0.005624681,0.085867492,Bond_IG,Bond,Cooperatieve Rabobank Ua Bond,
EJ2641722 corp,0.002150572,0.028369833,Bond_IG,Bond,Netherlands Government Sovereigns  Bond,
MM1271459 corp,0.001768783,0.008090287,Bond_IG,Bond,Swedish Export Credit Government Development Banks  Bond,
JV2249805 corp,-0.000142902,0.00181329,Bond_IG,Bond,Repsol Intl Finance Bond,
690742AE1 corp,-0.000212141,0.002823241,Bond_IG,Bond,Owens Corning Bond,
EK8647423 corp,1.71E-05,0.001592563,Bond_IG,Bond,Bpce Sa Bond,
EJ5444710 corp,5.61E-05,7.69E-05,Bond_IG,Bond,Korea Nat Hou Bond I Sovereigns  Bond,
913017BK4 corp,-0.000342899,0.005222551,Bond_IG,Bond,United Technologies Corp Bond,
25468PDN3 corp,-0.000279299,0.00725094,Bond_IG,Bond,Walt Disney Company/The Bond,
EI6397901 corp,-4.69E-05,0.001000683,Bond_IG,Bond,Credit Agricole London Bond,
EF1253238 corp,-0.000577781,0.005555175,Bond_IG,Bond,Scotland Gas Network Plc Bond,
EH6970055 corp,-0.000355711,0.003936478,Bond_IG,Bond,Total Capital Sa Bond,
126650CD0 corp,-0.000810439,0.006042789,Bond_IG,Bond,Cvs Health Corp Bond,
92276MAY1 corp,-0.000127776,0.00177755,Bond_IG,Bond,Ventas Realty Lp/Cap Crp Bond,
53217VAC3 corp,-0.000245827,0.002619877,Bond_IG,Bond,Life Technologies Corp Bond,
EK8562689 corp,5.24E-05,0.000318556,Bond_IG,Bond,Fca Bank Spa Ireland Bond,
EJ6847838 corp,-1.71E-05,0.001940205,Bond_IG,Bond,Jpmorgan Chase & Co Bond,
QZ3362147 corp,-2.70E-05,0.004905156,Bond_IG,Bond,Land Nordrhein-Westfalen Government Regional  Bond,
124900AB7 corp,-0.000323381,0.002939993,Bond_IG,Bond,Ccl Industries Inc Bond,
EJ4557504 corp,-0.000256277,0.002639156,Bond_IG,Bond,Intesa Sanpaolo Spa Bond,
EH5366966 corp,-6.39E-05,0.000636572,Bond_IG,Bond,Japan (10 Year Issue) Sovereigns  Bond,
37045XBF2 corp,-0.000204502,0.002167324,Bond_IG,Bond,General Motors Finl Co Bond,
008916AG3 corp,-0.000336125,0.005185245,Bond_IG,Bond,Agrium Inc Bond,
949746SG7 corp,-7.84E-05,0.00185913,Bond_IG,Bond,Wells Fargo & Company Bond,
EI6382853 corp,-2.62E-06,0.000145312,Bond_IG,Bond,Adecco Int Financial Svs Bond,
224399AR6 corp,-0.000419858,0.003150034,Bond_IG,Bond,Crane Co Bond,
020002BA8 corp,-0.000357523,0.005947203,Bond_IG,Bond,Allstate Corp Bond,
42809HAD9 corp,0.00032598,0.007116422,Bond_IG,Bond,Hess Corp Bond,
EJ5005255 corp,-0.00010726,0.001058419,Bond_IG,Bond,Land Niedersachsen Government Regional  Bond,
880544//5 corp,-3.10E-05,0.000570425,Bond_IG,Bond,Intl Bk Recon & Develop Bond,
13509PDM2 corp,3.87E-05,5.01E-05,Bond_IG,Bond,Canada Housing Trust Government Agencies  Bond,
EJ5884808 corp,-3.45E-06,0.000246535,Bond_IG,Bond,Rci Banque Sa Bond,
23331ABG3 corp,-0.000277406,0.002620843,Bond_IG,Bond,D.R. Horton Inc Bond,
EJ9223300 corp,-4.49E-05,0.000523427,Bond_IG,Bond,Japan (10 Yr Issue) Sovereigns  Bond,
EJ5023662 corp,-0.00013338,0.001358437,Bond_IG,Bond,Zuercher Kantonalbank Bond,
EG5063011 corp,-2.57E-05,0.0001682,Bond_IG,Bond,Bk Nederlandse Gemeenten Government Development Banks  Bond,
49327M2Q6 corp,-0.000260549,0.001788379,Bond_IG,Bond,Key Bank Na Bond,
12802DAP1 corp,-4.66E-05,0.000701829,Bond_IG,Bond,Caisse D'Amort Dette Soc Government Agencies  Bond,
00084DAK6 corp,-1.72E-05,0.000805934,Bond_IG,Bond,Abn Amro Bank Nv Bond,
EI8460103 corp,-0.00025687,0.002289123,Bond_IG,Bond,Bk Nederlandse Gemeenten Government Development Banks  Bond,
717081DE0 corp,-0.000320271,0.005499989,Bond_IG,Bond,Pfizer Inc Bond,
UV3130860 corp,-1.21E-06,0.000205278,Bond_IG,Bond,Aib Mortgage Bank Bond,
EK3125532 corp,6.63E-06,8.34E-05,Bond_IG,Bond,Banco Santander Totta Sa Bond,
035242AC0 corp,6.45E-05,8.38E-05,Bond_IG,Bond,Anheuser-Busch Inbev Fin Bond,
EK0725003 corp,-0.000186779,0.001536057,Bond_IG,Bond,Macquarie Bank Ltd Bond,
40414LAN9 corp,-0.000345662,0.002946785,Bond_IG,Bond,Hcp Inc Bond,
EK9086597 corp,3.77E-05,0.000236055,Bond_IG,Bond,Nrw.Bank Government Development Banks  Bond,
EK4069044 corp,-0.000197574,0.003418686,Bond_IG,Bond,Gnl Quintero Sa Bond,
EF0488470 corp,-0.000243437,0.004028919,Bond_IG,Bond,Marston'S Issuer Plc Bond,
JV8832612 corp,-6.51E-05,0.001093839,Bond_IG,Bond,Romania Government Bond Sovereigns  Bond,
00828EBT5 corp,-1.93E-05,0.0004918,Bond_IG,Bond,African Development Bank Bond,
292505AH7 corp,-0.000224729,0.002791575,Bond_IG,Bond,Encana Corp Bond,
26882PAR3 corp,-0.000314669,0.005023854,Bond_IG,Bond,Erac Usa Finance Llc Bond,
UV6903065 corp,-7.03E-06,0.000209068,Bond_IG,Bond,Merck Fin Services Gmbh Bond,
29379VAL7 corp,-0.000193827,0.002836633,Bond_IG,Bond,Enterprise Products Oper Bond,
472319AC6 corp,3.67E-05,0.004845627,Bond_IG,Bond,Jefferies Group Llc Bond,
EJ6638039 corp,5.63E-05,8.93E-05,Bond_IG,Bond,Korea Nat Hou Bond I Sovereigns  Bond,
085209AB0 corp,-0.000798869,0.003537148,Bond_IG,Bond,Govt Of Bermuda Sovereigns  Bond,
JV4911907 corp,-3.68E-05,0.000456881,Bond_IG,Bond,Toronto-Dominion Bank Bond,
EJ8760971 corp,-0.000423683,0.003554339,Bond_IG,Bond,Wstrn Pwr Distr West Mid Bond,
15089QAE4 corp,-9.88E-05,0.001327719,Bond_IG,Bond,Celanese Us Holdings Llc Bond,
EK9436693 corp,-5.75E-05,0.002049759,Bond_IG,Bond,Tennet Holding Bv Bond,
53944VAK5 corp,-0.000230327,0.001516653,Bond_IG,Bond,Lloyds Bank Plc Bond,
EI6074005 corp,2.73E-06,0.000147681,Bond_IG,Bond,Legrand Sa Bond,
EI3866221 corp,-0.00014976,0.001179107,Bond_IG,Bond,Korea Land & Housing Cor Government Agencies  Bond,
87165BAJ2 corp,-7.73E-05,0.001279052,Bond_IG,Bond,Synchrony Financial Bond,
EJ0538292 corp,-0.000236489,0.00176115,Bond_IG,Bond,Shinhan Bank Co Ltd Bond,
ED0082757 corp,-0.000361009,0.004645866,Bond_IG,Bond,Daily Mail & Genl Trust Bond,
26884TAN2 corp,-8.39E-05,0.006279296,Bond_IG,Bond,Erac Usa Finance Llc Bond,
904764AQ0 corp,-9.57E-05,0.001007714,Bond_IG,Bond,Unilever Capital Corp Bond,
EJ8148409 corp,-0.000236127,0.004976407,Bond_IG,Bond,America Movil Sab De Cv Bond,
20030NBL4 corp,-0.000399418,0.00276507,Bond_IG,Bond,Comcast Corp Bond,
86765BAP4 corp,-9.75E-05,0.006135968,Bond_IG,Bond,Sunoco Logistics Partner Bond,
24422ESS9 corp,-0.000112371,0.00109728,Bond_IG,Bond,John Deere Capital Corp Bond,
MM1247004 corp,0.000378423,0.006534694,Bond_IG,Bond,European Bk Recon & Dev Bond,
828807CN5 corp,-0.00024838,0.002145791,Bond_IG,Bond,Simon Property Group Lp Bond,
98956PAB8 corp,-0.000496128,0.005556834,Bond_IG,Bond,Zimmer Biomet Holdings Bond,
05565QDF2 corp,-0.000389927,0.003232956,Bond_IG,Bond,Bp Capital Markets Plc Bond,
927804FJ8 corp,-0.00028281,0.00226219,Bond_IG,Bond,Virginia Elec & Power Co Bond,
831594AD8 corp,-0.000356537,0.00252943,Bond_IG,Bond,Republic Of Slovenia Sovereigns  Bond,
EK9980302 corp,-1.25E-06,0.001648317,Bond_IG,Bond,Hsbc Holdings Plc Bond,
QJ1982926 corp,-2.87E-05,0.000269683,Bond_IG,Bond,Berlin Hyp Ag Bond,
21036PAK4 corp,-0.000211765,0.001798451,Bond_IG,Bond,Constellation Brands Inc Bond,
4581X0BT4 corp,-0.000387403,0.005542459,Bond_IG,Bond,Inter-American Devel Bk Bond,
EK1678482 corp,-9.40E-05,0.001079541,Bond_IG,Bond,Wirt & Infra Bk Hessen Bond,
EK8997984 corp,2.13E-05,0.000357263,Bond_IG,Bond,Shanghai Electric Newage Bond,
44107TAQ9 corp,-0.000288056,0.002475259,Bond_IG,Bond,Host Hotels & Resorts Lp Bond,
172967GS4 corp,-8.49E-06,0.000900534,Bond_IG,Bond,Citigroup Inc Bond,
023135AN6 corp,-0.000380163,0.002409084,Bond_IG,Bond,Amazon.Com Inc Bond,
055451AU2 corp,-0.005446466,0.015305189,Bond_IG,Bond,Bhp Billiton Fin Usa Ltd Bond,
LW1457594 corp,-5.01E-05,0.000915175,Bond_IG,Bond,Aegon Bank Bond,
020002AQ4 corp,-0.000292109,0.005232413,Bond_IG,Bond,Allstate Corp Bond,
111013AK4 corp,-0.000205785,0.002270391,Bond_IG,Bond,Sky Plc Bond,
912810EH7 corp,-0.000351429,0.003169301,Bond_IG,Bond,Us Treasury N/B Sovereigns  Bond,
871829BA4 corp,-0.000201034,0.001675659,Bond_IG,Bond,Sysco Corporation Bond,
931142DP5 corp,-0.000349339,0.002274573,Bond_IG,Bond,Walmart Inc Bond,
94974BFR6 corp,-0.000225543,0.001667358,Bond_IG,Bond,Wells Fargo & Company Bond,
EJ6449700 corp,-0.000292196,0.002358635,Bond_IG,Bond,Sinopec Capital 2013 Ltd Bond,
QZ2001829 corp,2.04E-05,0.002711355,Bond_IG,Bond,Shell International Fin Bond,
26884LAB5 corp,-0.00024255,0.002532628,Bond_IG,Bond,Eqt Corp Bond,
066717AA7 corp,-0.000250117,0.001983375,Bond_IG,Bond,Aid-Tunisia Sovereigns  Bond,
56585AAJ1 corp,5.78E-05,0.007388209,Bond_IG,Bond,Marathon Petroleum Corp Bond,
QJ0623620 corp,-9.57E-05,0.000846901,Bond_IG,Bond,Freie Hansestadt Bremen Government Local  Bond,
JV9205164 corp,4.27E-05,0.003055894,Bond_IG,Bond,South Aust Govt Fin Auth Government Regional  Bond,
755111BX8 corp,-0.0002944,0.001778819,Bond_IG,Bond,Raytheon Company Bond,
02665WAW1 corp,-2.19E-05,0.000766143,Bond_IG,Bond,American Honda Finance Bond,
45866FAA2 corp,-0.000307346,0.002450707,Bond_IG,Bond,Intercontinentalexchange Bond,
QZ9976163 corp,-0.000113474,0.002661477,Bond_IG,Bond,Banque Fed Cred Mutuel Bond,
001055AP7 corp,-0.000331524,0.003046866,Bond_IG,Bond,Aflac Inc Bond,
355457AA0 corp,-0.000254164,0.002718267,Bond_IG,Bond,Franshion Development Bond,
74340XAZ4 corp,-0.000203184,0.002395371,Bond_IG,Bond,Prologis Lp Bond,
EK8128572 corp,-0.000162204,0.002773464,Bond_IG,Bond,Republika Slovenija Sovereigns  Bond,
EK9379331 corp,5.50E-05,0.000127988,Bond_IG,Bond,Caisse Des Depots Et Con Government Agencies  Bond,
EC1297471 corp,-0.00066069,0.004868767,Bond_IG,Bond,British Telecom Plc Bond,
866796AE5 corp,6.80E-05,8.75E-05,Bond_IG,Bond,Sun Life Financial Inc Bond,
00507UAH4 corp,-0.000811677,0.005878607,Bond_IG,Bond,Allergan Funding Scs Bond,
EK9981326 corp,-1.61E-06,0.000362137,Bond_IG,Bond,Ubs Ag London Bond,
06050TLY6 corp,-9.88E-06,0.000760577,Bond_IG,Bond,Bank Of America Na Bond,
620076BB4 corp,-0.000293815,0.002521505,Bond_IG,Bond,Motorola Solutions Inc Bond,
803854JJ8 corp,-6.04E-05,0.003730932,Bond_IG,Bond,Province Of Saskatchewan Government Regional  Bond,
66989HAK4 corp,-0.000356759,0.00621165,Bond_IG,Bond,Novartis Capital Corp Bond,
893045AE4 corp,-0.000351369,0.003014873,Bond_IG,Bond,Trans-Allegheny Intersta Bond,
500769FH2 corp,-0.000283053,0.001771807,Bond_IG,Bond,Kfw Government Development Banks  Bond,
QZ5422410 corp,-8.19E-05,0.001003024,Bond_IG,Bond,Industrial Bank/Hk Bond,
244199BC8 corp,-0.000212088,0.001853034,Bond_IG,Bond,Deere & Company Bond,
QJ1569863 corp,9.77E-07,0.003076644,Bond_IG,Bond,Regie Autonome Des Trans Bond,
05348EAT6 corp,-0.000276956,0.002285711,Bond_IG,Bond,Avalonbay Communities Bond,
EK6939756 corp,-6.59E-05,0.000782689,Bond_IG,Bond,Dexia Credit Local Bond,
EH8462614 corp,3.77E-05,0.000556009,Bond_IG,Bond,Pfizer Inc Bond,
EJ8837597 corp,-0.000104698,0.000974704,Bond_IG,Bond,Council Of Europe Bond,
099724AH9 corp,-0.000356006,0.006241321,Bond_IG,Bond,Borgwarner Inc Bond,
191216AY6 corp,-1.73E-05,0.000756621,Bond_IG,Bond,Coca-Cola Co/The Bond,
316773CT5 corp,-0.000204012,0.001577553,Bond_IG,Bond,Fifth Third Bancorp Bond,
EC2385895 corp,2.38E-05,0.001824828,Bond_IG,Bond,Highbury Finance Bv Bond,
EJ9445374 corp,-0.000129235,0.001506817,Bond_IG,Bond,Omv Ag Bond,
7800858C3 corp,-7.46E-05,0.001385914,Bond_IG,Bond,Royal Bank Of Canada Bond,
EJ6437648 corp,-8.79E-05,0.000834087,Bond_IG,Bond,Fms Wertmanagement Bond,
EJ0994545 corp,-7.04E-05,0.002477756,Bond_IG,Bond,Efsf Bond,
EI4138869 corp,-0.000285721,0.002309725,Bond_IG,Bond,European Investment Bank Bond,
63859WAE9 corp,-0.000265323,0.003703124,Bond_IG,Bond,Nationwide Bldg Society Bond,
42307TAG3 corp,-0.000386732,0.004373004,Bond_IG,Bond,Kraft Heinz Foods Co Bond,
68389XAP0 corp,-0.000302915,0.001830463,Bond_IG,Bond,Oracle Corp Bond,
EJ5847425 corp,-0.000301047,0.001755168,Bond_IG,Bond,Republic Of Indonesia Sovereigns  Bond,
880591DC3 corp,-0.000248765,0.002223445,Bond_IG,Bond,Tenn Valley Authority Government Agencies  Bond,
EH7440579 corp,-5.71E-05,0.000541207,Bond_IG,Bond,Japan (10 Year Issue) Sovereigns  Bond,
59562VAX5 corp,-4.38E-05,0.000912628,Bond_IG,Bond,Berkshire Hathaway Energ Bond,
EK1705251 corp,-3.37E-05,0.000630903,Bond_IG,Bond,Pfandbrief Schweiz Hypo Bond,
69351UAM5 corp,-0.000489259,0.005708922,Bond_IG,Bond,Ppl Electric Utilities Bond,
865622AZ7 corp,-0.000294737,0.002124671,Bond_IG,Bond,Sumitomo Mitsui Banking Bond,
445545AL0 corp,-0.000423407,0.002689427,Bond_IG,Bond,Hungary Sovereigns  Bond,
GG7145913 corp,-0.00047631,0.004811751,Bond_IG,Bond,Netherlands Government Sovereigns  Bond,
QZ0621628 corp,-1.01E-05,8.69E-05,Bond_IG,Bond,Japan (2 Year Issue) Sovereigns  Bond,
EJ6078889 corp,-0.00014226,0.001492099,Bond_IG,Bond,Buoni Poliennali Del Tes Sovereigns  Bond,
263534CC1 corp,-0.00038546,0.005654226,Bond_IG,Bond,E.I. Du Pont De Nemours Bond,
633067ZK2 corp,-5.90E-05,0.001137134,Bond_IG,Bond,National Bank Of Canada Bond,
682134AC5 corp,-0.000233277,0.002035343,Bond_IG,Bond,Omnicom Group Inc Bond,
EI1830567 corp,-5.80E-07,0.000309645,Bond_IG,Bond,Deutsche Telekom Int Fin Bond,
LW2121538 corp,-1.14E-05,0.000616073,Bond_IG,Bond,China Development Bank Government Development Banks  Bond,
471048AL2 corp,-0.000504966,0.002663806,Bond_IG,Bond,Jpn Bank For Int'L Coop Government Development Banks  Bond,
471105AA4 corp,-4.39E-05,0.000964545,Bond_IG,Bond,Japan Tobacco Inc Bond,
166764AH3 corp,-0.000327117,0.002252721,Bond_IG,Bond,Chevron Corp Bond,
EH3923610 corp,-0.000222897,0.002989616,Bond_IG,Bond,National Australia Bank Bond,
QZ3196594 corp,-0.000243599,0.002448281,Bond_IG,Bond,Pfandbrief Schw Kantbk Bond,
135087TZ7 corp,-0.000335966,0.003560001,Bond_IG,Bond,Canadian Government Sovereigns  Bond,
ED6160219 corp,-9.80E-05,0.000905887,Bond_IG,Bond,Japan (20 Year Issue) Sovereigns  Bond,
EK2507730 corp,-0.000416222,0.007758652,Bond_IG,Bond,Wellcome Trust Ltd/The Bond,
UV7582165 corp,-3.51E-05,0.00112698,Bond_IG,Bond,Shanghai Pudong Dev/Hk Bond,
EI9600103 corp,-0.00034405,0.003937971,Bond_IG,Bond,Repsol Intl Finance Bond,
49306CAB7 corp,-0.00075452,0.004166038,Bond_IG,Bond,Key Bank Na Bond,
92553PAW2 corp,0.000390155,0.00613963,Bond_IG,Bond,Viacom Inc Bond,
EJ5751924 corp,-9.09E-05,0.001297109,Bond_IG,Bond,Southern Water Srvcs Fin Bond,
EK5599809 corp,-2.72E-05,0.001188131,Bond_IG,Bond,Metro Ag Bond,
QZ8714797 corp,-2.26E-05,0.000830317,Bond_IG,Bond,Westpac Banking Corp Bond,
13321LAG3 corp,-7.90E-05,0.002731531,Bond_IG,Bond,Cameco Corporation Bond,
200340AP2 corp,-8.15E-05,0.001165807,Bond_IG,Bond,Comerica Inc Bond,
QZ7900462 corp,-0.000171943,0.001511622,Bond_IG,Bond,Korea Housing Finance Co Government Agencies  Bond,
44987CAJ7 corp,-5.67E-05,0.000919965,Bond_IG,Bond,Ing Bank Nv Bond,
912828S43 corp,-6.27E-05,0.000476424,Bond_IG,Bond,Us Treasury N/B Sovereigns  Bond,
EJ9748322 corp,-0.000130634,0.006211115,Bond_IG,Bond,Prudential Plc Bond,
74814ZEP4 corp,-0.000126846,0.00200591,Bond_IG,Bond,Province Of Quebec Government Regional  Bond,
EJ5200898 corp,-0.000198687,0.001943107,Bond_IG,Bond,Achmea Bank Nv Bond,
EK5379202 corp,-9.49E-05,0.002355101,Bond_IG,Bond,Romania Sovereigns  Bond,
075887BE8 corp,-0.00014155,0.001277952,Bond_IG,Bond,Becton Dickinson And Co Bond,
EK9650020 corp,-5.01E-05,0.000635992,Bond_IG,Bond,Skandinaviska Enskilda Bond,
EJ6283463 corp,-0.000210051,0.001747474,Bond_IG,Bond,Hsbc Sfh France Bond,
EJ4022764 corp,-1.83E-05,0.000189645,Bond_IG,Bond,Nykredit Realkredit As Bond,
94975ZBM7 corp,-7.05E-05,0.001343609,Bond_IG,Bond,Wells Fargo Canada Corp Bond,
AF2180343 corp,-0.001097765,0.005140536,Bond_IG,Bond,Corp Financiera De Desar Government Development Banks  Bond,
EK4805504 corp,-9.95E-05,0.001111692,Bond_IG,Bond,Idb Trust Services Ltd Bond,
EG3986015 corp,-1.36E-05,0.001645503,Bond_IG,Bond,Banco Santander Sa Bond,
EI6270306 corp,-2.16E-05,0.000320768,Bond_IG,Bond,Abn Amro Bank Nv Bond,
500769CH5 corp,-0.000445888,0.007891048,Bond_IG,Bond,Kfw Government Development Banks  Bond,
12189LAY7 corp,-0.000365564,0.003132178,Bond_IG,Bond,Burlingtn North Santa Fe Bond,
EC3954004 corp,-0.00026125,0.003964679,Bond_IG,Bond,France (Govt Of) Sovereigns  Bond,
EI7798156 corp,-3.40E-05,0.000446944,Bond_IG,Bond,Land Berlin Government Local  Bond,
025816BD0 corp,-0.000348452,0.001978747,Bond_IG,Bond,American Express Co Bond,
EJ9597448 corp,-0.000129933,0.001392229,Bond_IG,Bond,Hsbc France Bond,
891288DE9 corp,-0.000274621,0.002736268,Bond_IG,Bond,City Of Toronto Canada Government Local  Bond,
83368RAF9 corp,-0.000209312,0.001430002,Bond_IG,Bond,Societe Generale Bond,
70213HAC2 corp,-0.000350382,0.006504547,Bond_IG,Bond,Partners Healthcare Syst Bond,
JK2862536 corp,-1.26E-05,0.000527809,Bond_IG,Bond,Toronto-Dominion Bank Bond,
927804FW9 corp,-0.000421868,0.006542133,Bond_IG,Bond,Virginia Elec & Power Co Bond,
373334JP7 corp,-0.000177068,0.001911088,Bond_IG,Bond,Georgia Power Company Bond,
EK2900661 corp,-4.66E-05,0.001526688,Bond_IG,Bond,Export Developmnt Canada Government Development Banks  Bond,
500769GS7 corp,-1.11E-05,0.000525827,Bond_IG,Bond,Kfw Government Development Banks  Bond,
QZ8436409 corp,-1.81E-05,0.003619753,Bond_IG,Bond,Telefonica Emisiones Sau Bond,
459058DN0 corp,-4.98E-06,0.000621031,Bond_IG,Bond,Intl Bk Recon & Develop Bond,
224044BY2 corp,-0.000321009,0.005328339,Bond_IG,Bond,Cox Communications Inc Bond,
EK1723569 corp,-7.57E-05,0.001187585,Bond_IG,Bond,National Federation Fish Government Development Banks  Bond,
29251ZBD8 corp,-0.000120236,0.002329844,Bond_IG,Bond,Enbridge Inc Bond,
14912L3U3 corp,-0.000159599,0.002361566,Bond_IG,Bond,Caterpillar Financial Se Bond,
EI3295439 corp,-6.25E-05,0.004832089,Bond_IG,Bond,Temasek Financial I Ltd Bond,
91087BAB6 corp,-0.000631577,0.006035575,Bond_IG,Bond,United Mexican States Sovereigns  Bond,
EK6994223 corp,-0.000109394,0.001214518,Bond_IG,Bond,Cajamar Caja Rural Scc Bond,
EI4206732 corp,-0.000229727,0.003480213,Bond_IG,Bond,Kingdom Of Morocco Sovereigns  Bond,
EK1507293 corp,3.44E-06,0.000192758,Bond_IG,Bond,Nationwide Bldg Society Bond,
EH8980771 corp,-8.10E-06,0.000189895,Bond_IG,Bond,Verbund Ag Bond,
04010LAP8 corp,-0.000143331,0.001800175,Bond_IG,Bond,Ares Capital Corp Bond,
EI4774697 corp,-0.000265389,0.003130746,Bond_IG,Bond,Orange Sa Bond,
ED3268197 corp,-8.80E-05,0.000843785,Bond_IG,Bond,Japan (20 Year Issue) Sovereigns  Bond,
715638BM3 corp,-0.000496104,0.005094819,Bond_IG,Bond,Republic Of Peru Sovereigns  Bond,
EJ3526179 corp,-0.000326023,0.003851298,Bond_IG,Bond,Wells Fargo & Company Bond,
10112RAR5 corp,-0.000250492,0.002445165,Bond_IG,Bond,Boston Properties Lp Bond,
EJ5046861 corp,-0.000340008,0.002410275,Bond_IG,Bond,Deutsche Bank Ag Bond,
EJ4581389 corp,-0.000154993,0.001746694,Bond_IG,Bond,Basf Se Bond,
EK7552160 corp,-0.000120542,0.002410857,Bond_IG,Bond,Ausnet Services Holdings Bond,
87971MAU7 corp,2.00E-05,0.004687922,Bond_IG,Bond,Telus Corp Bond,
EH1558061 corp,-1.20E-05,0.002944333,Bond_IG,Bond,Ge Capital Euro Funding Bond,
EK6911821 corp,-5.31E-06,0.001179046,Bond_IG,Bond,Asian Development Bank Bond,
EC9870790 corp,-0.000129149,0.002638708,Bond_IG,Bond,Western Aust Treas Corp Government Regional  Bond,
638671AC1 corp,-0.000798646,0.004184873,Bond_IG,Bond,Nationwide Mutual Insura Bond,
68389XBG9 corp,-0.000326537,0.007547507,Bond_IG,Bond,Oracle Corp Bond,
80281TAE8 corp,-0.000244888,0.003839856,Bond_IG,Bond,Banco Santander Sa Bond,
05531FAQ6 corp,-8.73E-05,0.001057391,Bond_IG,Bond,Bb&T Corporation Bond,
EK4563186 corp,-0.000135528,0.00153586,Bond_IG,Bond,Canton Of Basle-Land Government Regional  Bond,
LW1072666 corp,-0.000165852,0.001439315,Bond_IG,Bond,State Grid Overseas Inv Bond,
EK0405333 corp,-0.000307436,0.003451574,Bond_IG,Bond,Housing &Development Brd Government Agencies  Bond,
UV7652349 corp,-0.000176251,0.002326871,Bond_IG,Bond,Carmila Sa Bond,
81663NAA5 corp,-0.000150055,0.001865308,Bond_IG,Bond,Semiconductor Manufactur Bond,
71654QBR2 corp,-0.000455527,0.006993766,Bond_IG,Bond,Petroleos Mexicanos Bond,
759187BL0 corp,-3.87E-05,0.001061804,Bond_IG,Bond,Regions Bank Bond,
29250RAU0 corp,-0.000205444,0.002109102,Bond_IG,Bond,Enbridge Energy Partners Bond,
69353REM6 corp,-1.75E-05,0.000788955,Bond_IG,Bond,Pnc Bank Na Bond,
JV5008638 corp,-7.87E-06,0.001380396,Bond_IG,Bond,Intl Bk Recon & Develop Bond,
EJ1023450 corp,-2.29E-06,0.000218985,Bond_IG,Bond,Daimler Ag Bond,
12626PAL7 corp,-0.000270639,0.002577322,Bond_IG,Bond,Crh America Inc Bond,
EH1847035 corp,-0.000511916,0.005325314,Bond_IG,Bond,Credit Agricole Sa Bond,
74733LAE2 corp,-0.000354355,0.002896464,Bond_IG,Bond,Ooredoo Intl Finance Bond,
ED4832348 corp,-9.44E-05,0.000907548,Bond_IG,Bond,Japan (20 Year Issue) Sovereigns  Bond,
UV3783809 corp,-1.94E-05,0.000209992,Bond_IG,Bond,Land Berlin Government Local  Bond,
EJ4735563 corp,-0.000174949,0.001740953,Bond_IG,Bond,National Australia Bank Bond,
EJ4035618 corp,-0.000148098,0.001468339,Bond_IG,Bond,Sagess Government Agencies  Bond,
EJ3587338 corp,-0.000200337,0.001775881,Bond_IG,Bond,Nrw.Bank Government Development Banks  Bond,
TWTR UN Equity,0.005928774,0.032486313,Equity,Equity,Twitter Inc,
215600 KQ Equity,0.014565805,0.071591574,Equity,Equity,Sillajen Inc,
CPI LN Equity,-0.008149961,0.052417804,Equity,Equity,Capita Plc,
068270 KQ Equity,0.00970859,0.046040641,Equity,Equity,Celltrion Inc,
TEVA UN Equity,0.002512597,0.043736496,Equity,Equity,Teva Pharmaceutical-Sp Adr,
PGAS IJ Equity,0.002704049,0.040435286,Equity,Equity,Perusahaan Gas Negara Perser,
YY UW Equity,0.005395024,0.037200492,Equity,Equity,Yy Inc-Adr,
6488 TT Equity,0.005062742,0.035677085,Equity,Equity,Globalwafers Co Ltd,
3436 JT Equity,0.005431033,0.028513023,Equity,Equity,Sumco Corp,
EVHC UN Equity,-0.001215315,0.040068129,Equity,Equity,Envision Healthcare Corp,
1031 HK Equity,0.003905984,0.040855891,Equity,Equity,Kingston Financial Group Ltd,
MIC UN Equity,-0.003774694,0.040111794,Equity,Equity,Macquarie Infrastructure Cor,
ALNY UW Equity,0.003711702,0.054414816,Equity,Equity,Alnylam Pharmaceuticals Inc,
2327 TT Equity,0.006144692,0.036637463,Equity,Equity,Yageo Corporation,
TPEIR GA Equity,-0.000559063,0.047371286,Equity,Equity,Piraeus Bank S.A,
HART MK Equity,0.005266258,0.023203693,Equity,Equity,Hartalega Holdings Bhd,
ATC NA Equity,-0.006211008,0.040702771,Equity,Equity,Altice Nv - A,
027410 KP Equity,-0.012329472,0.051846995,Equity,Equity,Bgf Co Ltd,
091990 KQ Equity,0.0096425,0.051499619,Equity,Equity,Celltrion Healthcare Co Ltd,
010140 KP Equity,-0.000870797,0.041413012,Equity,Equity,Samsung Heavy Industries,
004170 KP Equity,0.005584034,0.028319002,Equity,Equity,Shinsegae Inc,
VIPS UN Equity,0.006613073,0.0481141,Equity,Equity,Vipshop Holdings Ltd - Adr,
ECOPETL CX Equity,0.005336672,0.023480705,Equity,Equity,Ecopetrol Sa,
1918 HK Equity,0.002816724,0.045154425,Equity,Equity,Sunac China Holdings Ltd,
VKI IS Equity,-0.003178097,0.042105344,Equity,Equity,Vakrangee Ltd,
SQ UN Equity,0.005092726,0.029894746,Equity,Equity,Square Inc - A,
1177 HK Equity,0.006228447,0.031243191,Equity,Equity,Sino Biopharmaceutical,
SNH SJ Equity,-0.012511762,0.118051219,Equity,Equity,Steinhoff International H Nv,
010060 KP Equity,0.005190898,0.033361197,Equity,Equity,Oci Co Ltd,
SAPE MK Equity,-0.005147175,0.043467236,Equity,Equity,Sapura Energy Bhd,
BKT SQ Equity,0.001292472,0.01305684,Equity,Equity,Bankinter Sa,
TITR IM Equity,0.000159205,0.015571406,Equity,Equity,Telecom Italia-Rsp,
PSX UN Equity,0.000819548,0.010991486,Equity,Equity,Phillips 66,
1114 HK Equity,0.000272724,0.025770527,Equity,Equity,Brilliance China Automotive,
8984 JT Equity,0.000109471,0.010977393,Equity,Equity,Daiwa House Reit Investment,
GCARSOA1 MM Equity,-0.001087806,0.017291648,Equity,Equity,Grupo Carso Sab De Cv-Ser A1,
EA TB Equity,0.004998344,0.026114657,Equity,Equity,Energy Absolute Pcl,
MZTF IT Equity,0.000557393,0.011272094,Equity,Equity,Mizrahi Tefahot Bank Ltd,
6971 JT Equity,-0.000124752,0.01685216,Equity,Equity,Kyocera Corp,
SGP AT Equity,-0.000649024,0.010556247,Equity,Equity,Stockland,
WAT UN Equity,0.000796565,0.012400922,Equity,Equity,Waters Corp,
BHW PW Equity,0.001669504,0.014442901,Equity,Equity,Bank Handlowy W Warszawie Sa,
RRS LN Equity,-0.001587024,0.019218855,Equity,Equity,Randgold Resources Ltd,
EMBR3 BS Equity,0.001631185,0.027837854,Equity,Equity,Embraer Sa,
IHH MK Equity,0.000860483,0.010156197,Equity,Equity,Ihh Healthcare Bhd,
Z IS Equity,0.00039975,0.014328092,Equity,Equity,Zee Entertainment Enterprise,
HII UN Equity,0.001750742,0.01712012,Equity,Equity,Huntington Ingalls Industrie,
SCB TB Equity,0.000436295,0.010444131,Equity,Equity,Siam Commercial Bank Pub Co,
981 HK Equity,0.003608537,0.036883941,Equity,Equity,Semiconductor Manufacturing,
BEN AT Equity,-0.000314762,0.011643977,Equity,Equity,Bendigo And Adelaide Bank,
ST UN Equity,0.001165895,0.013570488,Equity,Equity,Sensata Technologies Holding,
RBS LN Equity,0.000727102,0.014095423,Equity,Equity,Royal Bank Of Scotland Group,
NXT LN Equity,0.001920181,0.021609468,Equity,Equity,Next Plc,
036460 KP Equity,0.001224729,0.022334481,Equity,Equity,Korea Gas Corporation,
DMP AT Equity,-0.000415071,0.019882267,Equity,Equity,Domino'S Pizza Enterprises L,
BJC TB Equity,0.002380336,0.019590578,Equity,Equity,Berli Jucker Public Co Ltd,
SCHN SE Equity,0.000439667,0.008924802,Equity,Equity,Schindler Holding Ag-Reg,
8411 JT Equity,0.000873174,0.010278108,Equity,Equity,Mizuho Financial Group Inc,
ATL IM Equity,-0.000244417,0.011818066,Equity,Equity,Atlantia Spa,
BVN UN Equity,0.001576242,0.01906105,Equity,Equity,Cia De Minas Buenaventur-Adr,
GFNORTEO MM Equity,-0.000915177,0.020116664,Equity,Equity,Grupo Financiero Banorte-O,
MAERSKA DC Equity,-0.001643709,0.017409852,Equity,Equity,Ap Moeller-Maersk A/S-A,
AKRA IJ Equity,-0.001170756,0.019588513,Equity,Equity,Akr Corporindo Tbk Pt,
PTT TB Equity,0.003241164,0.014294042,Equity,Equity,Ptt Pcl,
HAP MK Equity,0.001337883,0.009238389,Equity,Equity,Hap Seng Consolidated,
KCE TB Equity,-0.001182811,0.019232354,Equity,Equity,Kce Electronics Pub Co Ltd,
27 HK Equity,0.002557431,0.018562664,Equity,Equity,Galaxy Entertainment Group L,
LH UN Equity,0.000782726,0.011634641,Equity,Equity,Laboratory Crp Of Amer Hldgs,
AR UN Equity,0.000263161,0.020984056,Equity,Equity,Antero Resources Corp,
011210 KP Equity,-0.001418602,0.022859844,Equity,Equity,Hyundai Wia Corp,
5233 JT Equity,-0.000515331,0.015542205,Equity,Equity,Taiheiyo Cement Corp,
COST UW Equity,0.001573274,0.012736673,Equity,Equity,Costco Wholesale Corp,
2338 HK Equity,0.000617309,0.026493896,Equity,Equity,Weichai Power Co Ltd-H,
BR UN Equity,0.00230925,0.009753237,Equity,Equity,Broadridge Financial Solutio,
035720 KP Equity,0.001100458,0.028622695,Equity,Equity,Kakao Corp,
3231 TT Equity,-0.00071085,0.019192852,Equity,Equity,Wistron Corp,
SGL SJ Equity,-0.00314631,0.031143306,Equity,Equity,Sibanye Gold Ltd,
GRF SQ Equity,-0.000363268,0.014860734,Equity,Equity,Grifols Sa,
LBTYA UW Equity,-0.00036375,0.018909723,Equity,Equity,Liberty Global Plc-A,
RENT3 BS Equity,0.002089588,0.021136805,Equity,Equity,Localiza Rent A Car,
MOL HB Equity,-0.000473536,0.015359167,Equity,Equity,Mol Hungarian Oil And Gas Pl,
DNP PW Equity,0.003414864,0.020729301,Equity,Equity,Dino Polska Sa,
HDFC IS Equity,0.000162855,0.013695187,Equity,Equity,Housing Development Finance,
4151 JT Equity,0.001383298,0.018436743,Equity,Equity,Kyowa Hakko Kirin Co Ltd,
AJG UN Equity,0.001529452,0.01114634,Equity,Equity,Arthur J Gallagher & Co,
POW CT Equity,-0.000381806,0.007804163,Equity,Equity,Power Corp Of Canada,
OPL PW Equity,3.80E-05,0.02071836,Equity,Equity,Orange Polska Sa,
FAB DH Equity,0.000921691,0.008230982,Equity,Equity,First Abu Dhabi Bank Pjsc,
2311 TT Equity,0.001183433,0.015199744,Equity,Equity,Advanced Semiconductor Engr,
010950 KP Equity,0.000965686,0.019433869,Equity,Equity,S-Oil Corp,
TRU SJ Equity,0.00265227,0.027190287,Equity,Equity,Truworths International Ltd,
GT UW Equity,-0.000471484,0.01539388,Equity,Equity,Goodyear Tire & Rubber Co,
KBC BB Equity,0.001042866,0.010840224,Equity,Equity,Kbc Groep Nv,
HOT GY Equity,-0.000501544,0.013750794,Equity,Equity,Hochtief Ag,
M UN Equity,0.003454589,0.027110619,Equity,Equity,Macy'S Inc,
HES UN Equity,0.00170375,0.0225295,Equity,Equity,Hess Corp,
GMEXICOB MM Equity,0.000117806,0.016537852,Equity,Equity,Grupo Mexico Sab De Cv-Ser B,
CA FP Equity,0.000758488,0.014927875,Equity,Equity,Carrefour Sa,
IPGP UW Equity,0.002945919,0.02164227,Equity,Equity,Ipg Photonics Corp,
6818 HK Equity,0.000480463,0.017165812,Equity,Equity,China Everbright Bank Co L-H,
DAL UN Equity,0.001159669,0.017070319,Equity,Equity,Delta Air Lines Inc,
TPR UN Equity,0.001802226,0.01471483,Equity,Equity,Tapestry Inc,
ABN NA Equity,0.000728126,0.012001026,Equity,Equity,Abn Amro Group Nv-Cva,
MMM UN Equity,0.001162097,0.012395491,Equity,Equity,3M Co,
HSY UN Equity,-0.000358331,0.011836113,Equity,Equity,Hershey Co/The,
4508 JT Equity,-0.00113781,0.012409996,Equity,Equity,Mitsubishi Tanabe Pharma,
ALV UN Equity,0.002573669,0.017622226,Equity,Equity,Autoliv Inc,
007070 KP Equity,-0.000173551,0.021618178,Equity,Equity,Gs Retail Co Ltd,
JEC UN Equity,0.000848855,0.015675421,Equity,Equity,Jacobs Engineering Group Inc,
IOCL IS Equity,-0.000979653,0.014812546,Equity,Equity,Indian Oil Corp Ltd,
241 HK Equity,0.000838902,0.023772067,Equity,Equity,Alibaba Health Information T,
QVCA UW Equity,0.001448153,0.017340966,Equity,Equity,Liberty Interactive Corp Q-A,
SCC TB Equity,0.000343836,0.00897537,Equity,Equity,Siam Cement Pcl/The,
SBRY LN Equity,0.00122263,0.013556192,Equity,Equity,Sainsbury (J) Plc,
PPG UN Equity,0.000542677,0.010517721,Equity,Equity,Ppg Industries Inc,
AGNC UW Equity,-0.000850298,0.010239824,Equity,Equity,Agnc Investment Corp,
STZ UN Equity,0.000844024,0.010127656,Equity,Equity,Constellation Brands Inc-A,
TMB TB Equity,0.00233977,0.014148261,Equity,Equity,Tmb Bank Pcl,
GMKN RX Equity,0.001546976,0.019980566,Equity,Equity,Mmc Norilsk Nickel Pjsc,
HPQ UN Equity,0.001813194,0.015342766,Equity,Equity,Hp Inc,
ATD/B CT Equity,0.000215323,0.010355743,Equity,Equity,Alimentation Couche-Tard -B,
SGEN UW Equity,0.000319847,0.023864281,Equity,Equity,Seattle Genetics Inc,
WAB UN Equity,0.001130347,0.016703284,Equity,Equity,Wabtec Corp,Median_Equity
2330 TT Equity,0.001171783,0.014292393,Equity,Equity,Taiwan Semiconductor Manufac,
CGNX UW Equity,4.46E-05,0.020129346,Equity,Equity,Cognex Corp,
CEZ CK Equity,0.001963504,0.009057757,Equity,Equity,Cez As,
RJF UN Equity,0.001351669,0.013178386,Equity,Equity,Raymond James Financial Inc,
BHEL IS Equity,0.000466379,0.020162623,Equity,Equity,Bharat Heavy Electricals,
2408 TT Equity,0.002202867,0.026733595,Equity,Equity,Nanya Technology Corp,
INDF IJ Equity,-0.000860528,0.012175865,Equity,Equity,Indofood Sukses Makmur Tbk P,
2377 TT Equity,0.002508167,0.026362969,Equity,Equity,Micro-Star International Co,
RI FP Equity,0.001514535,0.009163043,Equity,Equity,Pernod Ricard Sa,
4922 JT Equity,0.003674124,0.019868502,Equity,Equity,Kose Corp,
IFC CT Equity,-0.00048929,0.008295887,Equity,Equity,Intact Financial Corp,
5947 JT Equity,7.16E-05,0.010952159,Equity,Equity,Rinnai Corp,
POWF IS Equity,-0.001133185,0.019522313,Equity,Equity,Power Finance Corporation,
6504 JT Equity,0.002731744,0.022027466,Equity,Equity,Fuji Electric Co Ltd,
LT IS Equity,0.001091976,0.014884052,Equity,Equity,Larsen & Toubro Ltd,
UNTR IJ Equity,0.001590163,0.023620077,Equity,Equity,United Tractors Tbk Pt,
DXC UN Equity,0.001505323,0.012846521,Equity,Equity,Dxc Technology Co,
REL LN Equity,-0.000577969,0.008872654,Equity,Equity,Relx Plc,
SCHW UN Equity,0.002321718,0.014689766,Equity,Equity,Schwab (Charles) Corp,
IPG UN Equity,0.001563145,0.018410706,Equity,Equity,Interpublic Group Of Cos Inc,
MOEX RX Equity,0.001117752,0.015722674,Equity,Equity,Moscow Exchange Micex-Rts Pj,
QBE AT Equity,-0.000350881,0.012803855,Equity,Equity,Qbe Insurance Group Ltd,
BSL AT Equity,0.003310079,0.0181957,Equity,Equity,Bluescope Steel Ltd,
TOL UN Equity,0.001135581,0.017330618,Equity,Equity,Toll Brothers Inc,
DBK GY Equity,-0.000135888,0.018377095,Equity,Equity,Deutsche Bank Ag-Registered,
FNV CT Equity,-0.001083081,0.013407791,Equity,Equity,Franco-Nevada Corp,
PHOR LI Equity,0.00067685,0.013103302,Equity,Equity,Phosagro Pjsc-Gdr Reg S,
PMAH MK Equity,0.0040211,0.017342794,Equity,Equity,Press Metal Aluminium Holdin,
005930 KP Equity,0.000518653,0.01969423,Equity,Equity,Samsung Electronics Co Ltd,
EMSN SE Equity,-0.000549413,0.009816512,Equity,Equity,Ems-Chemie Holding Ag-Reg,
BA UN Equity,0.003115435,0.015419178,Equity,Equity,Boeing Co/The,
ANG SJ Equity,-0.000356794,0.024469416,Equity,Equity,Anglogold Ashanti Ltd,
REP SQ Equity,0.000270283,0.011522279,Equity,Equity,Repsol Sa,
FBHS UN Equity,-0.000259185,0.012723328,Equity,Equity,Fortune Brands Home & Securi,
1925 JT Equity,0.000616909,0.01305412,Equity,Equity,Daiwa House Industry Co Ltd,
165 HK Equity,-0.000216659,0.019051246,Equity,Equity,China Everbright Ltd,
ABT UN Equity,0.001356419,0.011788053,Equity,Equity,Abbott Laboratories,
2883 TT Equity,0.001123475,0.011820619,Equity,Equity,China Development Financial,
SAN SQ Equity,0.000527039,0.013174338,Equity,Equity,Banco Santander Sa,
2395 TT Equity,1.82E-05,0.013831044,Equity,Equity,Advantech Co Ltd,
7701 JT Equity,0.00273643,0.017403384,Equity,Equity,Shimadzu Corp,
ETFC UW Equity,0.001950387,0.014505547,Equity,Equity,E*Trade Financial Corp,
ACC IS Equity,-0.000924395,0.015118874,Equity,Equity,Acc Ltd,
B4B GY Equity,0.000477544,0.015644295,Equity,Equity,Metro Ag,
WFT CT Equity,0.002431306,0.017820504,Equity,Equity,West Fraser Timber Co Ltd,
11 HK Equity,0.000751333,0.011131271,Equity,Equity,Hang Seng Bank Ltd,
4768 JT Equity,0.003338909,0.015119083,Equity,Equity,Otsuka Corp,
270 HK Equity,0.000291488,0.013911517,Equity,Equity,Guangdong Investment Ltd,
YAR NO Equity,7.73E-05,0.015279049,Equity,Equity,Yara International Asa,
1109 HK Equity,0.001202171,0.022444074,Equity,Equity,China Resources Land Ltd,
NOW UN Equity,0.00311725,0.017498776,Equity,Equity,Servicenow Inc,
SHOP CT Equity,0.002123935,0.029265326,Equity,Equity,Shopify Inc - Class A,
003550 KP Equity,0.000565203,0.017438339,Equity,Equity,Lg Corp,
IENOVA* MM Equity,-0.001069524,0.014424962,Equity,Equity,Infraestructura Energetica N,
BRKM5 BS Equity,0.001784403,0.023414623,Equity,Equity,Braskem Sa-Pref A,
QATI QD Equity,-0.002784115,0.031212237,Equity,Equity,Qatar Insurance Co,
BOSS GY Equity,0.00028692,0.01364877,Equity,Equity,Hugo Boss Ag  -Ord,
8113 JT Equity,0.001451405,0.014734697,Equity,Equity,Unicharm Corp,
7180 JT Equity,-0.000811157,0.015234124,Equity,Equity,Kyushu Financial Group Inc,
MNST UW Equity,-0.000120161,0.017487892,Equity,Equity,Monster Beverage Corp,
WRK UN Equity,0.001178855,0.013293386,Equity,Equity,Westrock Co,
4182 JT Equity,7.76E-05,0.020448139,Equity,Equity,Mitsubishi Gas Chemical Co,
PTTEP TB Equity,0.002929213,0.014333052,Equity,Equity,Ptt Explor & Prod Public Co,
RCL UN Equity,9.39E-05,0.015450888,Equity,Equity,Royal Caribbean Cruises Ltd,
9201 JT Equity,0.001428587,0.010504367,Equity,Equity,Japan Airlines Co Ltd,
6837 HK Equity,-0.001219228,0.014068087,Equity,Equity,Haitong Securities Co Ltd-H,
BMY UN Equity,0.001002548,0.014067825,Equity,Equity,Bristol-Myers Squibb Co,
6473 JT Equity,0.001160802,0.016920562,Equity,Equity,Jtekt Corp,
ICBP IJ Equity,0.000215545,0.012553294,Equity,Equity,Indofood Cbp Sukses Makmur T,
MCY NZ Equity,4.25E-05,0.013097349,Equity,Equity,Mercury Nz Ltd,
TJX UN Equity,0.001325677,0.013376832,Equity,Equity,Tjx Companies Inc,
9989 JT Equity,0.001029843,0.013607721,Equity,Equity,Sundrug Co Ltd,
011170 KP Equity,0.002185246,0.022246034,Equity,Equity,Lotte Chemical Corp,
460 HK Equity,-0.000380366,0.025258115,Equity,Equity,Sihuan Pharmaceutical Hldgs,
FRC UN Equity,-0.000126774,0.01543251,Equity,Equity,First Republic Bank/Ca,
SHTF IS Equity,0.002280702,0.021556057,Equity,Equity,Shriram Transport Finance,
JM SP Equity,-0.00014252,0.012666998,Equity,Equity,Jardine Matheson Hldgs Ltd,
1093 HK Equity,0.003065724,0.02183141,Equity,Equity,Cspc Pharmaceutical Group Lt,
OPAP GA Equity,0.00123923,0.013685647,Equity,Equity,Opap Sa,
TPE PW Equity,-0.00243512,0.020262978,Equity,Equity,Tauron Polska Energia Sa,
COLOB DC Equity,0.000484929,0.016137701,Equity,Equity,Coloplast-B,
BWA UN Equity,0.000386008,0.014414074,Equity,Equity,Borgwarner Inc,
AAPL UW Equity,0.000727024,0.013392696,Equity,Equity,Apple Inc,Reference Point
088350 KP Equity,0.000140093,0.020216668,Equity,Equity,Hanwha Life Insurance Co Ltd,
FOXA UW Equity,0.002520935,0.020471953,Equity,Equity,Twenty-First Century Fox-A,
IEX UN Equity,0.001340863,0.009901646,Equity,Equity,Idex Corp,
RLC PM Equity,-0.001162891,0.022741718,Equity,Equity,Robinsons Land Co,
763 HK Equity,0.002713878,0.035974672,Equity,Equity,Zte Corp-H,
MB IM Equity,0.001519378,0.009352915,Equity,Equity,Mediobanca Spa,
SPSB MK Equity,0.000668175,0.029419706,Equity,Equity,Sp Setia Bhd,
FPH NZ Equity,0.001106363,0.016352476,Equity,Equity,Fisher & Paykel Healthcare C,
MF FP Equity,0.000583394,0.010556687,Equity,Equity,Wendel,
AIR FP Equity,0.002609551,0.016911253,Equity,Equity,Airbus Se,
GRA UN Equity,-0.000750855,0.013179577,Equity,Equity,Wr Grace & Co,
CDW UW Equity,0.00146675,0.013677387,Equity,Equity,Cdw Corp/De,
VOD SJ Equity,3.04E-06,0.021288826,Equity,Equity,Vodacom Group Ltd,
WBA UW Equity,-0.000897056,0.016868358,Equity,Equity,Walgreens Boots Alliance Inc,
ORDS QD Equity,9.79E-05,0.022153286,Equity,Equity,Ooredoo Qpsc,
IAG CT Equity,-0.000337508,0.00989933,Equity,Equity,Industrial Alliance Insuranc,
HEN3 GY Equity,-0.000107576,0.011384934,Equity,Equity,Henkel Ag & Co Kgaa Vorzug,
FTS CT Equity,-0.000734532,0.009845984,Equity,Equity,Fortis Inc,
9062 JT Equity,-0.000343231,0.014801718,Equity,Equity,Nippon Express Co Ltd,
CPALL TB Equity,0.003093525,0.01069285,Equity,Equity,Cp All Pcl,
HAS UW Equity,5.13E-05,0.018903626,Equity,Equity,Hasbro Inc,
SHP LN Equity,-0.000964882,0.016941269,Equity,Equity,Shire Plc,
GENT MK Equity,0.0001603,0.014982212,Equity,Equity,Genting Bhd,
EXPD UW Equity,0.001053863,0.01368656,Equity,Equity,Expeditors Intl Wash Inc,
ICAD FP Equity,0.000789441,0.010725621,Equity,Equity,Icade,
INTC UW Equity,0.002969395,0.018983951,Equity,Equity,Intel Corp,
2020 HK Equity,0.002168756,0.020716888,Equity,Equity,Anta Sports Products Ltd,
IDXX UW Equity,0.00157396,0.014955454,Equity,Equity,Idexx Laboratories Inc,
DABUR IS Equity,0.000226347,0.012434597,Equity,Equity,Dabur India Ltd,
8697 JT Equity,0.000358314,0.014975069,Equity,Equity,Japan Exchange Group Inc,
9766 JT Equity,-8.92E-05,0.018230001,Equity,Equity,Konami Holdings Corp,
SUN AT Equity,0.000363643,0.009423274,Equity,Equity,Suncorp Group Ltd,
7272 JT Equity,0.001107669,0.015546683,Equity,Equity,Yamaha Motor Co Ltd,
5938 JT Equity,-0.000735132,0.014704477,Equity,Equity,Lixil Group Corp,
700 HK Equity,0.002540317,0.019305375,Equity,Equity,Tencent Holdings Ltd,Reference Point
6502 JT Equity,0.000391364,0.021029013,Equity,Equity,Toshiba Corp,Reference Point
cardano,0.028201677,0.181671026,Crypto,Crypto,Cardano,1
lisk,0.010176873,0.100080138,Crypto,Crypto,Lisk,1
zcash,0.004634509,0.082095023,Crypto,Crypto,Zcash,1
bitcoin,0.006485457,0.063327411,Crypto,Crypto,Bitcoin,1
dash,0.005632693,0.083862338,Crypto,Crypto,Dash,1
verge,0.025582509,0.173612593,Crypto,Crypto,Verge,1
ripple,0.013074778,0.118878494,Crypto,Crypto,Ripple,1
tether,5.13E-05,0.010319527,Crypto,Crypto,Tether,1
bitcoin-cash,0.009685562,0.110888255,Crypto,Crypto,Bitcoin-Cash,1
neo,0.012752627,0.105413426,Crypto,Crypto,Neo,1
nem,0.009590659,0.160612234,Crypto,Crypto,Nem,1
nano,0.03664817,0.159160908,Crypto,Crypto,Nano,1
digixdao,0.014548788,0.110896433,Crypto,Crypto,Digixdao,1
bytecoin-bcn,0.00939455,0.1210304,Crypto,Crypto,Bytecoin-Bcn,1
populous,0.014775211,0.1096573,Crypto,Crypto,Populous,1
monero,0.008275988,0.082264227,Crypto,Crypto,Monero,1
iota,0.010583985,0.110952105,Crypto,Crypto,Iota,1
binance-coin,0.015241609,0.123994664,Crypto,Crypto,Binance-Coin,1
stellar,0.023046785,0.142346048,Crypto,Crypto,Stellar,1
vechain,0.029956923,0.158391315,Crypto,Crypto,Vechain,1
waves,0.004376216,0.084889466,Crypto,Crypto,Waves,1
steem,0.010384624,0.118451234,Crypto,Crypto,Steem,1
litecoin,0.008997194,0.092874701,Crypto,Crypto,Litecoin,1
ethereum-classic,0.006558019,0.09620252,Crypto,Crypto,Ethereum-Classic,1
eos,0.016225353,0.113455178,Crypto,Crypto,Eos,1
bitcoin-gold,0.004623997,0.182166076,Crypto,Crypto,Bitcoin-Gold,1
ethereum,0.0065478,0.066202203,Crypto,Crypto,Ethereum,1
qtum,0.009064958,0.124224142,Crypto,Crypto,Qtum,1
omisego,0.006469542,0.090617435,Crypto,Crypto,Omisego,1
stratis,0.005604944,0.100166792,Crypto,Crypto,Stratis,1
DOPUSD Curncy,-0.000292368,0.003146875,Currency,Currency,Dominican Repub. Peso/Us Dolla,
EURUSD Curncy,0.00029929,0.004117701,Currency,Currency,Euro/Us Dollar,
VEFUSD Curncy,-0.026896451,0.143202705,Currency,Currency,Venezuelan Bolivar/Us Dollar,
JMDUSD Curncy,0.000109079,0.00438887,Currency,Currency,Jamaica Dollar/Us Dollar,
DJFUSD Curncy,7.32E-06,0.003462828,Currency,Currency,Djibouti Franc/Us Dollar,
LVLUSD Curncy,0.000294457,0.004099436,Currency,Currency,Latvian Lat/Us Dollar,
CZKUSD Curncy,0.000501359,0.004653338,Currency,Currency,Czech Koruna/Us Dollar,
BMDUSD Curncy,0,0,Currency,Currency,Bermudian Dollar/Us Dollar,
INRUSD Curncy,-0.000172936,0.002821887,Currency,Currency,Indian Rupee/Us Dollar,
SDRUSD  Curncy,0.000189375,0.002326734,Currency,Currency,Special Drawing Rights/Us Doll,
KYDUSD  Curncy,0,0,Currency,Currency,Cayman Islands/Us Dollar,
TTDUSD Curncy,-8.74E-06,0.001893915,Currency,Currency,Trinidad & Tobago Dollar/Us Do,
BRLUSD Curncy,-0.000282353,0.006245352,Currency,Currency,Brazil Real/Us Dollar,
BNDUSD Curncy,0.00021452,0.002571445,Currency,Currency,Brunei Dollar/Us Dollar,
KESUSD Curncy,0.000164422,0.003165078,Currency,Currency,Kenyan Shilling/Us Dollar,
KMFUSD Curncy,0.000291754,0.00422739,Currency,Currency,Comoros Franc/Us Dollar,
SBDUSD  Curncy,6.79E-05,0.005134746,Currency,Currency,Solomon Is. Dollar/Us Dollar,
RUBUSD Curncy,9.09E-05,0.005693552,Currency,Currency,Russian Ruble/Us Dollar,
PLNUSD Curncy,0.000406675,0.005304065,Currency,Currency,Polish Zloty/Us Dollar,
ANGUSD Curncy,2.29E-05,0.00678961,Currency,Currency,Neth. Ant. Guilder/Us Dollar,
AUDUSD Curncy,-0.000200334,0.004456395,Currency,Currency,Australian Dollar/Us Dollar,
HUFUSD Curncy,9.13E-05,0.004991838,Currency,Currency,Hungarian Forint/Us Dollar,
MADUSD Curncy,0.000176312,0.002976142,Currency,Currency,Moroccan Dirham/Us Dollar,
LKRUSD Curncy,-0.00012479,0.001225092,Currency,Currency,Sri Lankan Rupee/Us Dollar,
SVCUSD Curncy,0,0,Currency,Currency,El Salvador Colon/Us Dollar,
EURUSD  Curncy,0.00029929,0.004117701,Currency,Currency,Euro/Us Dollar,
MKDUSD Curncy,0.000247241,0.005102721,Currency,Currency,Macedonia Denar/Us Dollar,
ILSUSD Curncy,0.000220311,0.003475185,Currency,Currency,Israeli Shekel/Us Dollar,
GBPUSD Curncy,0.000502735,0.005135768,Currency,Currency,British Pound/Us Dollar,
YERUSD Curncy,0,0,Currency,Currency,Yemeni Rial/Us Dollar,
MVRUSD Curncy,1.04E-06,0.001444366,Currency,Currency,Maldives Rufiyaa/Us Dollar,
TWDUSD Curncy,0.00019693,0.002155106,Currency,Currency,Taiwan Dollar/Us Dollar,
MZNUSD Curncy,-0.000216695,0.007126948,Currency,Currency,New Mozambique Metical/Us Doll,
EGPUSD Curncy,9.06E-07,0.001349995,Currency,Currency,Egyptian Pound/Us Dollar,
SEKUSD Curncy,-0.000216974,0.006061754,Currency,Currency,Swedish Krona/Us Dollar,
SKKUSD Curncy,0.000297248,0.004106715,Currency,Currency,Slovakia Koruna/Us Dollar,
SARUSD Curncy,1.08E-08,0.000147665,Currency,Currency,Saudi Riyal/Us Dollar,
TOPUSD  Curncy,4.24E-05,0.003790403,Currency,Currency,Tonga Pa'Anga/Us Dollar,
RONUSD Curncy,0.000180567,0.004353959,Currency,Currency,Romanian Leu/Us Dollar,
GTQUSD Curncy,-9.16E-05,0.00050399,Currency,Currency,Guatemala Quetzal/Us Dollar,
ALLUSD Curncy,0.000354446,0.005717691,Currency,Currency,Albanian Lek/Us Dollar,
MNTUSD Curncy,0.000124099,0.001225329,Currency,Currency,Mongolia Togrog/Us Dollar,
FJDUSD  Curncy,-8.41E-06,0.004669658,Currency,Currency,Fiji Dollar/Us Dollar,
AOAUSD Curncy,-0.002061998,0.014227334,Currency,Currency,Angolan Kwanza/Us Dollar,
XOFUSD Curncy,0.000339553,0.010604783,Currency,Currency,Cfa Franc Bceao/Us Dollar,
MYRUSD Curncy,0.0006566,0.003160442,Currency,Currency,Malaysian Ringgit/Us Dollar,
NGNUSD Curncy,-1.91E-05,0.002214227,Currency,Currency,Nigeria Naira/Us Dollar,
KWDUSD Curncy,4.39E-05,0.000622437,Currency,Currency,Kuwaiti Dinar/Us Dollar,
OMRUSD Curncy,-6.10E-07,0.000223757,Currency,Currency,Omani Rial/Us Dollar,
XCDUSD Curncy,0,0,Currency,Currency,East Caribbean Dollar/Us Dolla,
BYRUSD Curncy,-0.00014306,0.003563394,Currency,Currency,Old Belarus Ruble/Us Dollar,
SITUSD Curncy,0.000335733,0.00751094,Currency,Currency,Slovenia Tolar/Us Dollar,
CHFUSD Curncy,0.000230767,0.004445443,Currency,Currency,Swiss Franc/Us Dollar,
JPYUSD Curncy,0.000330785,0.004336503,Currency,Currency,Japanese Yen/Us Dollar,
GYDUSD Curncy,0.00010721,0.005374522,Currency,Currency,Guyana Dollar/Us Dollar,
AUDUSD  Curncy,-0.000200334,0.004456395,Currency,Currency,Australian Dollar/Us Dollar,
RSDUSD Curncy,0.000324544,0.006425049,Currency,Currency,Serbian Dinar/Us Dollar,
IEPUSD  Curncy,0.000300578,0.004103959,Currency,Currency,Irish Punt/Us Dollar,
GNFUSD Curncy,-1.96E-05,0.001532644,Currency,Currency,Guinea Franc/Us Dollar,
PGKUSD  Curncy,-0.000141182,0.001922978,Currency,Currency,Papua N. G. Kina/Us Dollar,
HTGUSD Curncy,-0.000247415,0.002429248,Currency,Currency,Haiti Gourde/Us Dollar,
PHPUSD Curncy,-0.000128183,0.003234886,Currency,Currency,Philippines Peso/Us Dollar,
ZMWUSD Curncy,-0.000468877,0.007131676,Currency,Currency,Zambian Kwacha/Us Dollar,
XPDUSD  Curncy,0.000201291,0.014992343,Currency,Currency,Palladium/Us Dollar,
RWFUSD Curncy,0,0,Currency,Currency,Rwanda Franc/Us Dollar,
PENUSD Curncy,-3.94E-05,0.002438002,Currency,Currency,Peruvian Sol/Us Dollar,
MOPUSD Curncy,-6.16E-06,0.000529449,Currency,Currency,Macau Pataca/Us Dollar,
ITLUSD Curncy,0.000388243,0.006171941,Currency,Currency,Italian Lira/Us Dollar,
JODUSD Curncy,-2.48E-06,0.002212841,Currency,Currency,Jordanian Dinar/Us Dollar,
LUFUSD Curncy,0.000292007,0.004355947,Currency,Currency,Luxembourg Franc/Us Dollar,
IDRUSD Curncy,-0.000237401,0.002880827,Currency,Currency,Indonesian Rupiah/Us Dollar,
ESPUSD Curncy,0.00034111,0.006767913,Currency,Currency,Spanish Peseta/Us Dollar,
FIMUSD Curncy,0.000296178,0.004149287,Currency,Currency,Finnish Markka/Us Dollar,
DEMUSD Curncy,0.000298454,0.004087998,Currency,Currency,German Mark/Us Dollar,
CADUSD Curncy,-0.000289973,0.004203493,Currency,Currency,Canadian Dollar/Us Dollar,
GMDUSD Curncy,-0.000172704,0.003641814,Currency,Currency,Gambian Dalasi/Us Dollar,
PKRUSD Curncy,-0.000383096,0.002740916,Currency,Currency,Pakistani Rupee/Us Dollar,
TNDUSD Curncy,0.000113626,0.008120851,Currency,Currency,Tunisian Dinar/Us Dollar,
KGSUSD Curncy,5.61E-05,0.002373995,Currency,Currency,Kyrgyzstan Som/Us Dollar,
LAKUSD Curncy,1.52E-07,0.000553235,Currency,Currency,Laos New Kip/Us Dollar,
BOBUSD Curncy,0,0,Currency,Currency,Bolivian Boliviano/Us Dollar,
SZLUSD Curncy,0.000680008,0.009328234,Currency,Currency,Swaziland Lilangeni/Us Dollar,
GELUSD Curncy,-2.34E-05,0.006050611,Currency,Currency,Georgia Lari/Us Dollar,
COPUSD Curncy,0.000194763,0.006077491,Currency,Currency,Colombian Peso/Us Dollar,
GRDUSD Curncy,0.000297321,0.004095542,Currency,Currency,Greek Drachma/Us Dollar,
CVEUSD Curncy,0.000152474,0.005229136,Currency,Currency,Cape Verde Escudo/Us Dollar,
SGDUSD Curncy,0.000209867,0.002471828,Currency,Currency,Singapore Dollar/Us Dollar,
BSDUSD Curncy,0,0,Currency,Currency,Bahamas Dollar/Us Dollar,
LTLUSD Curncy,0.000296255,0.004092855,Currency,Currency,Lithuanian Litas/Us Dollar,
LBPUSD Curncy,-2.32E-05,0.000927563,Currency,Currency,Lebanese Pound/Us Dollar,
ZARUSD Curncy,0.000680008,0.009328234,Currency,Currency,South African Rand/Us Dollar,Reference Point
CNHUSD Curncy,0.000287201,0.003080188,Currency,Currency,China Offshore Spot/Us Dollar,
KHRUSD Curncy,0,0,Currency,Currency,Cambodia Riel/Us Dollar,
ARSUSD Curncy,-0.001294405,0.007231302,Currency,Currency,Argentine Peso/Us Dollar,
FRFUSD Curncy,0.000296537,0.00411295,Currency,Currency,French Franc/Us Dollar,
MMKUSD Curncy,0.00013212,0.005752751,Currency,Currency,Myanmar Kyat/Us Dollar,
ISKUSD Curncy,0.000350093,0.004944801,Currency,Currency,Iceland Krona/Us Dollar,
KZTUSD Curncy,0.000282935,0.007875593,Currency,Currency,Kazakhstan Tenge/Us Dollar,
PYGUSD Curncy,0.000173675,0.001663557,Currency,Currency,Paraguay Guarani/Us Dollar,
ETBUSD Curncy,-0.001150071,0.011669521,Currency,Currency,Ethiopian Birr/Us Dollar,
KRWUSD Curncy,0.000307424,0.004336673,Currency,Currency,South Korean Won/Us Dollar,
GBPUSD  Curncy,0.000502735,0.005135768,Currency,Currency,British Pound/Us Dollar,
XPTUSD  Curncy,-0.000283947,0.009385485,Currency,Currency,Platinum/Us Dollar,
IQDUSD Curncy,-3.08E-05,0.003526497,Currency,Currency,Iraqi Dinar/Us Dollar,
AEDUSD Curncy,1.04E-09,4.57E-05,Currency,Currency,Uae Dirham/Us Dollar,
USD Curncy,0,0,Currency,Currency,Us Dollar,
SLLUSD Curncy,0,0,Currency,Currency,Sierra Leone Leone/Us Dollar,
ATSUSD Curncy,0.000297508,0.004134713,Currency,Currency,Austrian Schilling/Us Dollar,
AZNUSD Curncy,5.88E-05,0.003564235,Currency,Currency,New Azerbaijan/Us Dollar,
LYDUSD Curncy,0.00047673,0.007852738,Currency,Currency,Libyan Dinar/Us Dollar,
BHDUSD Curncy,-4.50E-07,0.000512116,Currency,Currency,Bahraini Dinar/Us Dollar,
DZDUSD Curncy,-0.000168886,0.002825336,Currency,Currency,Algerian Dinar/Us Dollar,
SCRUSD Curncy,-6.19E-05,0.01324528,Currency,Currency,Seychelles Rupee/Us Dollar,
CNYUSD Curncy,0.000259454,0.00259911,Currency,Currency,China Renminbi/Us Dollar,
GIPUSD  Curncy,0.000502735,0.005135768,Currency,Currency,Gibraltar Pound/Us Dollar,
NZDUSD  Curncy,9.81E-05,0.005324152,Currency,Currency,New Zealand Dollar/Us Dollar,
NOKUSD Curncy,3.16E-05,0.005205499,Currency,Currency,Norwegian Krone/Us Dollar,
MWKUSD Curncy,-1.22E-06,0.000952029,Currency,Currency,Malawi Kwacha/Us Dollar,
MROUSD Curncy,7.54E-06,0.00389843,Currency,Currency,Mauritania Ouguiya/Us Dollar,
MDLUSD Curncy,0.000475635,0.002996768,Currency,Currency,Moldova Lei/Us Dollar,
TRYUSD Curncy,-0.000788684,0.007418175,Currency,Currency,Turkish Lira/Us Dollar,
BWPUSD  Curncy,0.000394297,0.004590369,Currency,Currency,Botswana Pula/Us Dollar,
HNLUSD Curncy,-7.21E-05,0.000580783,Currency,Currency,Honduras Lempira/Us Dollar,
HKDUSD Curncy,-5.34E-06,0.000392881,Currency,Currency,Hong Kong Dollar/Us Dollar,
NZDUSD Curncy,9.81E-05,0.005324152,Currency,Currency,New Zealand Dollar/Us Dollar,
HRKUSD Curncy,0.000272786,0.004588828,Currency,Currency,Kuna/Us Dollar,
MURUSD Curncy,2.27E-05,0.008782707,Currency,Currency,Mauritius Rupee/Us Dollar,
NPRUSD Curncy,-0.000139597,0.002674796,Currency,Currency,Nepal Rupee/Us Dollar,
SRDUSD Curncy,-3.49E-05,0.000226185,Currency,Currency,Suriname Dollar/Us Dollar,
VUVUSD Curncy,0.000143337,0.010857858,Currency,Currency,Vanuatu Vatu/Us Dollar,
MXNUSD Curncy,-0.000403531,0.006394727,Currency,Currency,Mexican Peso/Us Dollar,
SHPUSD  Curncy,0.000502735,0.005135768,Currency,Currency,St. Helena Pound/Us Dollar,
TJSUSD Curncy,-6.82E-06,0.000685234,Currency,Currency,Tajikistan Somoni/Us Dollar,
XAFUSD Curncy,0.000130023,0.013429545,Currency,Currency,Cent. Afr. Repub./Us Dollar,
QARUSD Curncy,-7.18E-06,0.008047092,Currency,Currency,Qatari Riyal/Us Dollar,
PTEUSD Curncy,0.000298142,0.004107226,Currency,Currency,Portuguese Escudo/Us Dollar,
LSLUSD Curncy,0.000680008,0.009328234,Currency,Currency,Lesotho Loti/Us Dollar,
THBUSD Curncy,0.000412719,0.002372052,Currency,Currency,Thai Baht/Us Dollar,
WSTUSD  Curncy,3.08E-06,0.015058796,Currency,Currency,Samoa (West) Tala/Us Dollar,
BZDUSD Curncy,4.48E-08,0.000300578,Currency,Currency,Belize Dollar/Us Dollar,
XPFUSD Curncy,0.00025068,0.006306155,Currency,Currency,French Pacific Is. Franc/Us Do,
PABUSD Curncy,0,0,Currency,Currency,Panamanian Balboa/Us Dollar,
GHSUSD Curncy,3.87E-05,0.004771957,Currency,Currency,Ghana Cedi/Us Dollar,
UAHUSD Curncy,-0.000237169,0.004077868,Currency,Currency,Ukraine Hryvnia/Us Dollar,
BAMUSD Curncy,0.000290686,0.004239323,Currency,Currency,Bosnia-Herze Conv Marka/Us Dol,
FKPUSD  Curncy,0.000502735,0.005135768,Currency,Currency,Falkland Is. Pound/Us Dollar,
UGXUSD Curncy,-0.00011116,0.002037044,Currency,Currency,Ugandan Shilling/Us Dollar,
UYUUSD Curncy,7.42E-05,0.00409355,Currency,Currency,Uruguay Peso/Us Dollar,
NADUSD Curncy,0.000680008,0.009328234,Currency,Currency,Namibia Dollar/Us Dollar,
NLGUSD Curncy,0.000294509,0.004100449,Currency,Currency,Dutch Guilder/Us Dollar,
MGAUSD Curncy,-0.000591179,0.007798119,Currency,Currency,Madagascar/Us Dollar,
EEKUSD Curncy,0.000297171,0.004096021,Currency,Currency,Estonian Kroon/Us Dollar,
DKKUSD Curncy,0.000290013,0.004115817,Currency,Currency,Danish Krone/Us Dollar,
HG1 Comdty,9.03E-05,0.012160635,Commodity,Commodity,Comex Copper Future,
NG1 Comdty,-0.000633637,0.0288561,Commodity,Commodity,Nymex Henry Hub Natural Gas Fu,
KC1 Comdty,-0.000343189,0.013949256,Commodity,Commodity,Nybot Csc C Coffee Future,
C 1 Comdty,0.000681774,0.007488809,Commodity,Commodity,Cbot Corn Future,
GC1 Comdty,-1.95E-05,0.006820168,Commodity,Commodity,Comex Gold 100 Troy Ounces Fut,
CT1 Comdty,0.001152763,0.012809581,Commodity,Commodity,Nybot Ctn Number 2 Cotton Futu,
XB1 Comdty,0.000812738,0.016462134,Commodity,Commodity,Nymex Reformulated Gasoline Bl,
LA1 Comdty,0.000148648,0.011501789,Commodity,Commodity,Lme Primary Aluminum Future,
S 1 Comdty,0.001003343,0.008026669,Commodity,Commodity,Cbot Soybean Future,
CO1 Comdty,0.001638962,0.012897041,Commodity,Commodity,Ice Brent Crude Oil Future,
LX1 Comdty,0.000505674,0.013134367,Commodity,Commodity,Lme Zinc Future,
LC1 Comdty,0.000767167,0.01318662,Commodity,Commodity,Cme Live Cattle Future,
BO1 Comdty,-0.000764899,0.008418885,Commodity,Commodity,Cbot Soybean Oil Future,
LN1 Comdty,0.001116456,0.021559003,Commodity,Commodity,Lme Nickel Future,
SI1 Comdty,-0.00057504,0.011022812,Commodity,Commodity,Comex Silver Future,
HO1 Comdty,0.000674368,0.012956005,Commodity,Commodity,Nymex Ny Harbor Ulsd Futures,
SM1 Comdty,0.002273148,0.011298339,Commodity,Commodity,Cbot Soybean Meal Future,
SB1 Comdty,-4.85E-05,0.017237712,Commodity,Commodity,Nybot Csc Number 11 World Suga,
W 1 Comdty,0.001143701,0.013465586,Commodity,Commodity,Cbot Wheat Future,
KW1 Comdty,0.001671088,0.013458061,Commodity,Commodity,Kcbt Hard Red Winter Wheat Fut,
LH1 Comdty,0.000983829,0.02106813,Commodity,Commodity,Cme Lean Hogs Future,
CL1 Comdty,0.002176853,0.013369658,Commodity,Commodity,Nymex Light Sweet Crude Oil Fu,Reference Point
,,,,,,
,,,,,,
,,,,,,
,,,,,,
,,,,,,
,,,,,,
,,,,,,
,,,,,,
,,,,,,
,,,,,,
,,,,,,
,,,,,,
,,,,,,
,,,,,,
,,,,,,
,,,,,,
,,,,,,
,,,,,,
,,,,,,
,,,,,,
,,,,,,
,,,,,,
,,,,,,
,,,,,,
,,,,,,
,,,,,,
,,,,,,
,,,,,,
,,,,,,
,,,,,,
,,,,,,
,,,,,,
,,,,,,
,,,,,,
,,,,,,
,,,,,,
,,,,,,
,,,,,,
,,,,,,
,,,,,,
,,,,,,
,,,,,,
,,,,,,
,,,,,,
,,,,,,
,,,,,,
,,,,,,
,,,,,,
,,,,,,
,,,,,,
,,,,,,
,,,,,,
,,,,,,
,,,,,,
,,,,,,
,,,,,,
,,,,,,
,,,,,,
,,,,,,
,,,,,,
,,,,,,
,,,,,,
,,,,,,
,,,,,,
,,,,,,
,,,,,,
,,,,,,
,,,,,,
,,,,,,
,,,,,,
,,,,,,
,,,,,,
,,,,,,
,,,,,,
,,,,,,
,,,,,,
,,,,,,
,,,,,,
,,,,,,
,,,,,,
,,,,,,
,,,,,,
,,,,,,
,,,,,,
,,,,,,
,,,,,,
,,,,,,
,,,,,,
,,,,,,
,,,,,,
,,,,,,
,,,,,,
,,,,,,
,,,,,,
,,,,,,
,,,,,,
,,,,,,
,,,,,,
,,,,,,
,,,,,,
,,,,,,
,,,,,,
,,,,,,
,,,,,,
,,,,,,
,,,,,,
,,,,,,
,,,,,,
,,,,,,
,,,,,,
,,,,,,
,,,,,,
,,,,,,
,,,,,,
,,,,,,
,,,,,,
,,,,,,
,,,,,,
,,,,,,
,,,,,,
,,,,,,
,,,,,,
,,,,,,
,,,,,,
,,,,,,
,,,,,,
,,,,,,
,,,,,,
,,,,,,
,,,,,,
,,,,,,
,,,,,,
,,,,,,
,,,,,,
,,,,,,
,,,,,,
,,,,,,
,,,,,,
,,,,,,
,,,,,,
,,,,,,
,,,,,,
,,,,,,
,,,,,,
,,,,,,
,,,,,,
,,,,,,
,,,,,,
,,,,,,
,,,,,,
,,,,,,
,,,,,,
,,,,,,
,,,,,,
,,,,,,
,,,,,,
,,,,,,
,,,,,,
,,,,,,
,,,,,,
,,,,,,
,,,,,,
,,,,,,
,,,,,,
,,,,,,
,,,,,,
,,,,,,
,,,,,,
,,,,,,
,,,,,,
,,,,,,
,,,,,,
,,,,,,
,,,,,,
,,,,,,
,,,,,,
,,,,,,
,,,,,,
,,,,,,
,,,,,,
,,,,,,
,,,,,,
,,,,,,
,,,,,,
,,,,,,
,,,,,,
,,,,,,
,,,,,,
,,,,,,
,,,,,,
,,,,,,
,,,,,,
,,,,,,
,,,,,,
,,,,,,
,,,,,,
,,,,,,
,,,,,,
,,,,,,
,,,,,,
,,,,,,
,,,,,,
,,,,,,
,,,,,,
,,,,,,
,,,,,,
,,,,,,
,,,,,,
,,,,,,
,,,,,,
,,,,,,
,,,,,,
,,,,,,
,,,,,,
,,,,,,
,,,,,,
,,,,,,
,,,,,,
,,,,,,
,,,,,,
,,,,,,
,,,,,,
,,,,,,
,,,,,,
,,,,,,
,,,,,,
,,,,,,
,,,,,,
,,,,,,
,,,,,,
,,,,,,
,,,,,,
,,,,,,
,,,,,,
,,,,,,
,,,,,,
,,,,,,
,,,,,,
,,,,,,
,,,,,,
,,,,,,
,,,,,,
,,,,,,
,,,,,,
,,,,,,
,,,,,,
,,,,,,
,,,,,,
,,,,,,
,,,,,,
,,,,,,
,,,,,,
,,,,,,
,,,,,,
,,,,,,
,,,,,,
,,,,,,
,,,,,,
,,,,,,
,,,,,,
,,,,,,
,,,,,,
,,,,,,
,,,,,,
,,,,,,
,,,,,,
,,,,,,
,,,,,,
,,,,,,
,,,,,,
,,,,,,
,,,,,,
,,,,,,
,,,,,,
,,,,,,
,,,,,,
,,,,,,
,,,,,,
,,,,,,
,,,,,,
,,,,,,
,,,,,,
,,,,,,
,,,,,,
,,,,,,
,,,,,,
,,,,,,
,,,,,,
,,,,,,
,,,,,,
,,,,,,
,,,,,,
,,,,,,
,,,,,,
,,,,,,
,,,,,,
,,,,,,
,,,,,,
,,,,,,
,,,,,,
,,,,,,
,,,,,,
,,,,,,
,,,,,,
,,,,,,
,,,,,,
,,,,,,
,,,,,,
,,,,,,
,,,,,,
,,,,,,
,,,,,,
,,,,,,
,,,,,,
,,,,,,
,,,,,,
,,,,,,
,,,,,,
,,,,,,
,,,,,,
,,,,,,
,,,,,,
,,,,,,
,,,,,,
,,,,,,
,,,,,,
,,,,,,
,,,,,,
,,,,,,
,,,,,,
,,,,,,
,,,,,,
,,,,,,
,,,,,,
,,,,,,
,,,,,,
,,,,,,
,,,,,,
,,,,,,
,,,,,,
,,,,,,
,,,,,,
,,,,,,
,,,,,,
,,,,,,
,,,,,,
,,,,,,
,,,,,,
,,,,,,
,,,,,,
,,,,,,
,,,,,,
,,,,,,
,,,,,,
,,,,,,
,,,,,,
,,,,,,
,,,,,,
,,,,,,
,,,,,,
,,,,,,
,,,,,,
,,,,,,
,,,,,,
,,,,,,
,,,,,,
,,,,,,
,,,,,,
,,,,,,
,,,,,,
,,,,,,
,,,,,,
,,,,,,
,,,,,,
,,,,,,
,,,,,,
,,,,,,
,,,,,,
,,,,,,
,,,,,,
,,,,,,
,,,,,,
,,,,,,
,,,,,,
,,,,,,
,,,,,,
,,,,,,
,,,,,,
,,,,,,
,,,,,,
,,,,,,
,,,,,,
,,,,,,
,,,,,,
,,,,,,
,,,,,,
,,,,,,
,,,,,,
,,,,,,
,,,,,,
,,,,,,
,,,,,,
,,,,,,
,,,,,,
,,,,,,
,,,,,,
,,,,,,
,,,,,,
,,,,,,
,,,,,,
,,,,,,
,,,,,,
,,,,,,
,,,,,,
,,,,,,
,,,,,,
,,,,,,
,,,,,,
,,,,,,
,,,,,,
,,,,,,
,,,,,,
,,,,,,
,,,,,,
,,,,,,
,,,,,,
,,,,,,
,,,,,,
,,,,,,
,,,,,,
,,,,,,
,,,,,,
,,,,,,
,,,,,,
,,,,,,
,,,,,,
,,,,,,
,,,,,,
,,,,,,
,,,,,,
,,,,,,
,,,,,,
,,,,,,
,,,,,,
,,,,,,
,,,,,,
,,,,,,
,,,,,,
,,,,,,
,,,,,,
,,,,,,
,,,,,,
,,,,,,
,,,,,,
,,,,,,
,,,,,,
,,,,,,
,,,,,,
,,,,,,
,,,,,,
,,,,,,
,,,,,,
,,,,,,
,,,,,,
,,,,,,
,,,,,,
,,,,,,
,,,,,,
,,,,,,
,,,,,,
,,,,,,
,,,,,,
,,,,,,
,,,,,,
,,,,,,
,,,,,,
,,,,,,
,,,,,,
,,,,,,
,,,,,,
,,,,,,
,,,,,,
,,,,,,
,,,,,,
,,,,,,
,,,,,,
,,,,,,
,,,,,,
,,,,,,
,,,,,,
,,,,,,
,,,,,,
,,,,,,
,,,,,,
,,,,,,
,,,,,,
,,,,,,
,,,,,,
,,,,,,
,,,,,,
,,,,,,
,,,,,,
,,,,,,
,,,,,,
,,,,,,
,,,,,,
,,,,,,
,,,,,,
,,,,,,
,,,,,,
,,,,,,
,,,,,,
,,,,,,
,,,,,,
,,,,,,
,,,,,,
,,,,,,
,,,,,,
,,,,,,
,,,,,,
,,,,,,
,,,,,,
,,,,,,
,,,,,,
,,,,,,
,,,,,,
,,,,,,
,,,,,,
,,,,,,
,,,,,,
,,,,,,
,,,,,,
,,,,,,
,,,,,,
,,,,,,
,,,,,,
,,,,,,
,,,,,,
,,,,,,
,,,,,,
,,,,,,
,,,,,,
,,,,,,
,,,,,,
,,,,,,
,,,,,,
,,,,,,
,,,,,,
,,,,,,
,,,,,,
,,,,,,
,,,,,,
,,,,,,
,,,,,,
,,,,,,
,,,,,,
,,,,,,
,,,,,,
,,,,,,
,,,,,,
,,,,,,
,,,,,,
,,,,,,
,,,,,,
,,,,,,
,,,,,,
,,,,,,
,,,,,,
,,,,,,
,,,,,,
,,,,,,
,,,,,,
,,,,,,
,,,,,,
,,,,,,
,,,,,,
,,,,,,
,,,,,,
,,,,,,
,,,,,,
,,,,,,
,,,,,,
,,,,,,
,,,,,,
,,,,,,
,,,,,,
,,,,,,
,,,,,,
,,,,,,
,,,,,,
,,,,,,
,,,,,,
,,,,,,
,,,,,,
,,,,,,
,,,,,,
,,,,,,
,,,,,,
,,,,,,
,,,,,,
,,,,,,
,,,,,,
,,,,,,
,,,,,,
,,,,,,
,,,,,,
,,,,,,
,,,,,,
,,,,,,
,,,,,,
,,,,,,
,,,,,,
,,,,,,
,,,,,,
,,,,,,
,,,,,,
,,,,,,
,,,,,,
,,,,,,
,,,,,,
,,,,,,
,,,,,,
,,,,,,
,,,,,,
,,,,,,
,,,,,,
,,,,,,
,,,,,,
,,,,,,
,,,,,,
,,,,,,
,,,,,,
,,,,,,
,,,,,,
,,,,,,
,,,,,,
,,,,,,
,,,,,,
,,,,,,
,,,,,,
,,,,,,
,,,,,,
,,,,,,
,,,,,,
,,,,,,
,,,,,,
,,,,,,
,,,,,,
,,,,,,
,,,,,,
,,,,,,
,,,,,,
,,,,,,
,,,,,,
,,,,,,
,,,,,,
,,,,,,
,,,,,,
,,,,,,
,,,,,,
,,,,,,
,,,,,,
,,,,,,
,,,,,,
,,,,,,
,,,,,,
,,,,,,
,,,,,,
,,,,,,
,,,,,,
,,,,,,
,,,,,,
,,,,,,
,,,,,,
,,,,,,
,,,,,,
,,,,,,
,,,,,,
,,,,,,
,,,,,,
,,,,,,
,,,,,,
,,,,,,
,,,,,,
,,,,,,
,,,,,,
,,,,,,
,,,,,,
,,,,,,
,,,,,,
,,,,,,
,,,,,,
,,,,,,
,,,,,,
,,,,,,
,,,,,,
,,,,,,
,,,,,,
,,,,,,
,,,,,,
,,,,,,
,,,,,,
,,,,,,
,,,,,,
,,,,,,
,,,,,,
,,,,,,
,,,,,,
,,,,,,
,,,,,,
,,,,,,
,,,,,,
,,,,,,
,,,,,,
,,,,,,
,,,,,,
,,,,,,
,,,,,,
,,,,,,
,,,,,,
,,,,,,
,,,,,,
,,,,,,
,,,,,,
,,,,,,
,,,,,,
,,,,,,
,,,,,,
,,,,,,
,,,,,,
,,,,,,
,,,,,,
,,,,,,
,,,,,,
,,,,,,
,,,,,,
,,,,,,
,,,,,,
,,,,,,
,,,,,,
,,,,,,
,,,,,,
,,,,,,
,,,,,,
,,,,,,
,,,,,,
,,,,,,
,,,,,,
,,,,,,
,,,,,,
,,,,,,
,,,,,,
,,,,,,
,,,,,,
,,,,,,
,,,,,,
,,,,,,
,,,,,,
,,,,,,
,,,,,,
,,,,,,
,,,,,,
,,,,,,
,,,,,,
,,,,,,
,,,,,,
,,,,,,
,,,,,,
,,,,,,
,,,,,,
,,,,,,
,,,,,,
,,,,,,
,,,,,,
,,,,,,
,,,,,,
,,,,,,
,,,,,,
,,,,,,
,,,,,,
,,,,,,
,,,,,,
,,,,,,
,,,,,,
,,,,,,
,,,,,,
,,,,,,
,,,,,,
,,,,,,
,,,,,,
,,,,,,
,,,,,,
,,,,,,
,,,,,,
,,,,,,
,,,,,,
,,,,,,
,,,,,,
,,,,,,
,,,,,,
,,,,,,
,,,,,,
,,,,,,
,,,,,,
,,,,,,
,,,,,,
,,,,,,
,,,,,,
,,,,,,
,,,,,,
,,,,,,
,,,,,,
,,,,,,
,,,,,,
,,,,,,
,,,,,,
,,,,,,
,,,,,,
,,,,,,
,,,,,,
,,,,,,
,,,,,,
,,,,,,
,,,,,,
,,,,,,
,,,,,,
,,,,,,
,,,,,,
,,,,,,
,,,,,,
,,,,,,
,,,,,,
,,,,,,
,,,,,,
,,,,,,
,,,,,,
,,,,,,
,,,,,,
,,,,,,
,,,,,,
,,,,,,
,,,,,,
,,,,,,
,,,,,,
,,,,,,
,,,,,,
,,,,,,
,,,,,,
,,,,,,
,,,,,,
,,,,,,
,,,,,,
,,,,,,
,,,,,,
,,,,,,
,,,,,,
,,,,,,
,,,,,,
,,,,,,
,,,,,,
,,,,,,
,,,,,,
,,,,,,
,,,,,,
,,,,,,
,,,,,,
,,,,,,
,,,,,,
,,,,,,
,,,,,,
,,,,,,
,,,,,,
,,,,,,
,,,,,,
,,,,,,
,,,,,,
,,,,,,
,,,,,,
,,,,,,
,,,,,,
,,,,,,
,,,,,,
,,,,,,
,,,,,,
,,,,,,
,,,,,,
,,,,,,
,,,,,,
,,,,,,
,,,,,,
,,,,,,
,,,,,,
,,,,,,
,,,,,,
,,,,,,
,,,,,,
,,,,,,
,,,,,,
,,,,,,
,,,,,,
,,,,,,
,,,,,,
,,,,,,
,,,,,,
,,,,,,
,,,,,,
,,,,,,
,,,,,,
,,,,,,
,,,,,,
,,,,,,
,,,,,,
,,,,,,
,,,,,,
,,,,,,
,,,,,,
,,,,,,
,,,,,,
,,,,,,
,,,,,,
,,,,,,
,,,,,,
,,,,,,
,,,,,,
,,,,,,
,,,,,,
,,,,,,
,,,,,,
,,,,,,
,,,,,,
,,,,,,
,,,,,,
,,,,,,
,,,,,,
,,,,,,
,,,,,,
,,,,,,
,,,,,,
,,,,,,
,,,,,,
,,,,,,
,,,,,,
,,,,,,
,,,,,,
,,,,,,
,,,,,,
,,,,,,
,,,,,,
,,,,,,
,,,,,,
,,,,,,
,,,,,,
,,,,,,
,,,,,,
,,,,,,
,,,,,,
,,,,,,
,,,,,,
,,,,,,
,,,,,,
,,,,,,
,,,,,,
,,,,,,
,,,,,,
,,,,,,
,,,,,,
,,,,,,
,,,,,,
,,,,,,
,,,,,,
,,,,,,
,,,,,,
,,,,,,
,,,,,,
,,,,,,
,,,,,,
,,,,,,
,,,,,,
,,,,,,
,,,,,,
,,,,,,
,,,,,,
,,,,,,
,,,,,,
,,,,,,
,,,,,,
,,,,,,
,,,,,,
,,,,,,
,,,,,,
,,,,,,
,,,,,,
,,,,,,
,,,,,,
,,,,,,
,,,,,,
,,,,,,
,,,,,,
,,,,,,
,,,,,,
,,,,,,
,,,,,,
,,,,,,
,,,,,,
,,,,,,
,,,,,,
,,,,,,
,,,,,,
,,,,,,
,,,,,,
,,,,,,
,,,,,,
,,,,,,
,,,,,,
,,,,,,
,,,,,,
,,,,,,
,,,,,,
,,,,,,
,,,,,,
,,,,,,
,,,,,,
,,,,,,
,,,,,,
,,,,,,
,,,,,,
,,,,,,
,,,,,,
,,,,,,
,,,,,,
,,,,,,
,,,,,,
,,,,,,
,,,,,,
,,,,,,
,,,,,,
,,,,,,
,,,,,,
,,,,,,
,,,,,,
,,,,,,
,,,,,,
,,,,,,
,,,,,,
,,,,,,
,,,,,,
,,,,,,
,,,,,,
,,,,,,
,,,,,,
,,,,,,
,,,,,,
,,,,,,
,,,,,,
,,,,,,
,,,,,,
,,,,,,
,,,,,,
,,,,,,
,,,,,,
,,,,,,
,,,,,,
,,,,,,
,,,,,,
,,,,,,
,,,,,,
,,,,,,
,,,,,,
,,,,,,
,,,,,,
,,,,,,
,,,,,,
,,,,,,
,,,,,,
,,,,,,
,,,,,,
,,,,,,
,,,,,,
,,,,,,
,,,,,,
,,,,,,
,,,,,,
,,,,,,
,,,,,,
,,,,,,
,,,,,,
,,,,,,
,,,,,,
,,,,,,
,,,,,,
,,,,,,
,,,,,,
,,,,,,
,,,,,,
,,,,,,
,,,,,,
,,,,,,
,,,,,,
,,,,,,
,,,,,,
,,,,,,
,,,,,,
,,,,,,
,,,,,,
,,,,,,
,,,,,,
,,,,,,
,,,,,,
,,,,,,
,,,,,,
,,,,,,
,,,,,,
,,,,,,
,,,,,,
,,,,,,
,,,,,,
,,,,,,
,,,,,,
,,,,,,
,,,,,,
,,,,,,
,,,,,,
,,,,,,
,,,,,,
,,,,,,
,,,,,,
,,,,,,
,,,,,,
,,,,,,
,,,,,,
,,,,,,
,,,,,,
,,,,,,
,,,,,,
,,,,,,
,,,,,,
,,,,,,
,,,,,,
,,,,,,
,,,,,,
,,,,,,
,,,,,,
,,,,,,
,,,,,,
,,,,,,
,,,,,,
,,,,,,
,,,,,,
,,,,,,
,,,,,,
,,,,,,
,,,,,,
,,,,,,
,,,,,,
,,,,,,
,,,,,,
,,,,,,
,,,,,,
,,,,,,
,,,,,,
,,,,,,
,,,,,,
,,,,,,
,,,,,,
,,,,,,
,,,,,,
,,,,,,
,,,,,,
,,,,,,
,,,,,,
,,,,,,
,,,,,,
,,,,,,
,,,,,,
,,,,,,
,,,,,,
,,,,,,
,,,,,,
,,,,,,
,,,,,,
,,,,,,
,,,,,,
,,,,,,
,,,,,,
,,,,,,
,,,,,,
,,,,,,
,,,,,,
,,,,,,
,,,,,,
,,,,,,
,,,,,,
,,,,,,
,,,,,,
,,,,,,
,,,,,,
,,,,,,
,,,,,,
,,,,,,
,,,,,,
,,,,,,
,,,,,,
,,,,,,
,,,,,,
,,,,,,
,,,,,,
,,,,,,
,,,,,,
,,,,,,
,,,,,,
,,,,,,
,,,,,,
,,,,,,
,,,,,,
,,,,,,
,,,,,,
,,,,,,
,,,,,,
,,,,,,
,,,,,,
,,,,,,
,,,,,,
,,,,,,
,,,,,,
,,,,,,
,,,,,,
,,,,,,
,,,,,,
,,,,,,
,,,,,,
,,,,,,
,,,,,,
,,,,,,
,,,,,,
,,,,,,
,,,,,,
,,,,,,
,,,,,,
,,,,,,
,,,,,,
,,,,,,
,,,,,,
,,,,,,
,,,,,,
,,,,,,
,,,,,,
,,,,,,
,,,,,,
,,,,,,
,,,,,,
,,,,,,
,,,,,,
,,,,,,
,,,,,,
,,,,,,
,,,,,,
,,,,,,
,,,,,,
,,,,,,
,,,,,,
,,,,,,
,,,,,,
,,,,,,
,,,,,,
,,,,,,
,,,,,,
,,,,,,
,,,,,,
,,,,,,
,,,,,,
,,,,,,
,,,,,,
,,,,,,
,,,,,,
,,,,,,
,,,,,,
,,,,,,
,,,,,,
,,,,,,
,,,,,,
,,,,,,
,,,,,,
,,,,,,
,,,,,,
,,,,,,
,,,,,,
,,,,,,
,,,,,,
,,,,,,
,,,,,,
,,,,,,
,,,,,,
,,,,,,
,,,,,,
,,,,,,
,,,,,,
,,,,,,
,,,,,,
,,,,,,
,,,,,,
,,,,,,
,,,,,,
,,,,,,
,,,,,,
,,,,,,
,,,,,,
,,,,,,
,,,,,,
,,,,,,
,,,,,,
,,,,,,
,,,,,,
,,,,,,
,,,,,,
,,,,,,
,,,,,,
,,,,,,
,,,,,,
,,,,,,
,,,,,,
,,,,,,
,,,,,,
,,,,,,
,,,,,,
,,,,,,
,,,,,,
,,,,,,
,,,,,,
,,,,,,
,,,,,,
,,,,,,
,,,,,,
,,,,,,
,,,,,,
,,,,,,
,,,,,,
,,,,,,
,,,,,,
,,,,,,
,,,,,,
,,,,,,
,,,,,,
,,,,,,
,,,,,,
,,,,,,
,,,,,,
,,,,,,
,,,,,,
,,,,,,
,,,,,,
,,,,,,
,,,,,,
,,,,,,
,,,,,,
,,,,,,
,,,,,,
,,,,,,
,,,,,,
,,,,,,
,,,,,,
,,,,,,
,,,,,,
,,,,,,
,,,,,,
,,,,,,
,,,,,,
,,,,,,
,,,,,,
,,,,,,
,,,,,,
,,,,,,
,,,,,,
,,,,,,
,,,,,,
,,,,,,
,,,,,,
,,,,,,
,,,,,,
,,,,,,
,,,,,,
,,,,,,
,,,,,,
,,,,,,
,,,,,,
,,,,,,
,,,,,,
,,,,,,
,,,,,,
,,,,,,
,,,,,,
,,,,,,
,,,,,,
,,,,,,
,,,,,,
,,,,,,
,,,,,,
,,,,,,
,,,,,,
,,,,,,
,,,,,,
,,,,,,
,,,,,,
,,,,,,
,,,,,,
,,,,,,
,,,,,,
,,,,,,
,,,,,,
,,,,,,
,,,,,,
,,,,,,
,,,,,,
,,,,,,
,,,,,,
,,,,,,
,,,,,,
,,,,,,
,,,,,,
,,,,,,
,,,,,,
,,,,,,
,,,,,,
,,,,,,
,,,,,,
,,,,,,
,,,,,,
,,,,,,
,,,,,,
,,,,,,
,,,,,,
,,,,,,
,,,,,,
,,,,,,
,,,,,,
,,,,,,
,,,,,,
,,,,,,
,,,,,,
,,,,,,
,,,,,,
,,,,,,
,,,,,,
,,,,,,
,,,,,,
,,,,,,
,,,,,,
,,,,,,
,,,,,,
,,,,,,
,,,,,,
,,,,,,
,,,,,,
,,,,,,
,,,,,,
,,,,,,
,,,,,,
,,,,,,
,,,,,,
,,,,,,
,,,,,,
,,,,,,
,,,,,,
,,,,,,
,,,,,,
,,,,,,
,,,,,,
,,,,,,
,,,,,,
,,,,,,
,,,,,,
,,,,,,
,,,,,,
,,,,,,
,,,,,,
,,,,,,
,,,,,,
,,,,,,
,,,,,,
,,,,,,
,,,,,,
,,,,,,
,,,,,,
,,,,,,
,,,,,,
,,,,,,
,,,,,,
,,,,,,
,,,,,,
,,,,,,
,,,,,,
,,,,,,
,,,,,,
,,,,,,
,,,,,,
,,,,,,
,,,,,,
,,,,,,
,,,,,,
,,,,,,
,,,,,,
,,,,,,
,,,,,,
,,,,,,
,,,,,,
,,,,,,
,,,,,,
,,,,,,
,,,,,,
,,,,,,
,,,,,,
,,,,,,
,,,,,,
,,,,,,
,,,,,,
,,,,,,
,,,,,,
,,,,,,
,,,,,,
,,,,,,
,,,,,,
,,,,,,
,,,,,,
,,,,,,
,,,,,,
,,,,,,
,,,,,,
,,,,,,
,,,,,,
,,,,,,
,,,,,,
,,,,,,
,,,,,,
,,,,,,
,,,,,,
,,,,,,
,,,,,,
,,,,,,
,,,,,,
,,,,,,
,,,,,,
,,,,,,
,,,,,,
,,,,,,
,,,,,,
,,,,,,
,,,,,,
,,,,,,
,,,,,,
,,,,,,
,,,,,,
,,,,,,
,,,,,,
,,,,,,
,,,,,,
,,,,,,
,,,,,,
,,,,,,
,,,,,,
,,,,,,
,,,,,,
,,,,,,1
,,,,,,1
,,,,,,1
,,,,,,1
,,,,,,1
,,,,,,1
,,,,,,1
,,,,,,1
,,,,,,1
,,,,,,1
,,,,,,1
,,,,,,1
,,,,,,1
,,,,,,1
,,,,,,1
,,,,,,1
,,,,,,1
,,,,,,1
,,,,,,1
,,,,,,1
,,,,,,1
,,,,,,1
,,,,,,1
,,,,,,1
,,,,,,1
,,,,,,1
,,,,,,1
,,,,,,1
,,,,,,1
,,,,,,1
